t_s,ax_raw_g,ay_raw_g,az_raw_g,gx_raw_dps,gy_raw_dps,gz_raw_dps,ax_g,ay_g,az_g,gx_dps,gy_dps,gz_dps,mpu_temp_c,roll_deg,pitch_deg,bx_uT,by_uT,bz_uT,mag_uT,bx_cal_uT,by_cal_uT,bz_cal_uT,mag_cal_uT,yaw_flat_deg,yaw_tilt_deg,mahony_roll_deg,mahony_pitch_deg,mahony_yaw_deg,bmp_temp_c,pressure_pa,altitude_m,imu_dt_us,mag_dt_us,bmp_dt_us,imu_mag_dt_us,imu_bmp_dt_us
1.289,-0.007812,0.010986,0.957520,2.259542,-0.137405,0.290076,0.007818,-0.006478,0.991999,0.813405,0.711875,-0.283938,43.530,-0.374,-0.452,-23.6697,-20.9174,33.5780,46.1007,-29.9985,-21.5714,38.5290,53.3828,144.281,144.871,-0.374,-0.452,144.871,26.460,100439.94,-140.056,1988,3588,4917,1600,2929
1.407,-0.015381,0.015625,0.973145,2.274809,-0.045802,0.351145,0.000408,-0.001961,1.007542,0.828846,0.803702,-0.222970,43.533,-0.273,-0.350,-23.8532,-21.0092,33.5780,46.2368,-30.2166,-21.6784,38.5230,53.5445,144.343,144.783,-0.242,-0.304,144.848,26.460,100439.83,-140.046,1988,3580,4880,1592,2892
1.532,-0.014893,0.009766,0.962646,2.183206,-0.122137,0.335878,0.000712,-0.007609,0.997094,0.737069,0.727142,-0.238136,43.530,-0.186,-0.255,-23.7615,-21.0092,33.5780,46.1895,-30.1078,-21.6779,38.5258,53.4850,144.246,144.557,-0.185,-0.189,144.805,26.460,100439.93,-140.056,1985,3581,4906,1596,2921
1.673,-0.014648,0.014893,0.961914,2.213740,-0.091603,0.351145,0.001100,-0.002471,0.996418,0.767430,0.757452,-0.222769,43.527,-0.079,-0.146,-23.7615,-21.1009,33.5780,46.2313,-30.1084,-21.7838,38.5253,53.5280,144.114,144.269,-0.095,-0.081,144.745,26.460,100440.02,-140.062,1979,3584,4915,1605,2936
1.823,-0.009033,0.014404,0.967041,2.137405,-0.030534,0.335878,0.006711,-0.003230,1.001461,0.690921,0.818297,-0.237935,43.524,0.020,-0.031,-23.7615,-21.1009,33.7615,46.3648,-30.1028,-21.7828,38.7474,53.6845,144.110,144.112,-0.036,-0.026,144.673,26.470,100440.28,-140.083,1924,3526,4859,1602,2935
1.947,-0.000977,0.007812,0.961914,2.183206,-0.061069,0.259542,0.014573,-0.009942,0.996285,0.736375,0.787315,-0.314070,43.518,0.098,0.049,-23.7615,-21.0092,33.6697,46.2563,-30.1050,-21.6774,38.6368,53.5633,144.244,144.131,-0.030,-0.043,144.611,26.470,100440.72,-140.120,1982,3581,4907,1599,2925
2.068,-0.012207,0.013672,0.966309,2.229008,-0.137405,0.442748,0.003515,-0.003857,1.000744,0.782004,0.710755,-0.130764,43.515,0.184,0.128,-23.8532,-21.1009,33.6697,46.3452,-30.2143,-21.7839,38.6335,53.6656,144.209,143.977,0.024,0.011,144.575,26.470,100440.98,-140.146,1971,3582,4896,1611,2925
2.192,-0.017090,0.009766,0.963379,2.183206,-0.045802,0.335878,-0.001484,-0.007563,0.997829,0.736375,0.802582,-0.237734,43.518,0.262,0.225,-23.5780,-21.0092,33.5780,46.0954,-29.8904,-21.6767,38.5314,53.3665,144.050,143.691,0.031,0.101,144.512,26.470,100441.23,-140.167,1985,3589,4920,1604,2935
2.318,-0.020508,0.015137,0.967529,2.198473,-0.076336,0.290076,-0.004743,-0.002182,1.002005,0.752336,0.772943,-0.283938,43.530,0.347,0.321,-23.7615,-20.9174,33.6697,46.2147,-30.1045,-21.5715,38.6373,53.5205,144.376,143.887,0.094,0.211,144.463,26.470,100441.07,-140.151,1979,3581,4923,1602,2944
2.456,-0.018555,0.013672,0.974854,2.167939,-0.137405,0.366412,-0.002818,-0.003862,1.009230,0.721108,0.710979,-0.207200,43.518,0.433,0.414,-23.6697,-21.0092,33.5780,46.1424,-29.9991,-21.6773,38.5286,53.4257,144.148,143.531,0.121,0.281,144.400,26.480,100441.63,-140.199,1969,3572,4900,1603,2931
2.579,-0.007080,0.011230,0.965332,2.229008,-0.091603,0.290076,0.008572,-0.006423,0.999729,0.781483,0.755885,-0.283134,43.506,0.511,0.487,-23.6697,-21.1009,33.6697,46.2510,-29.9969,-21.7827,38.6391,53.5470,144.014,143.286,0.124,0.255,144.326,26.480,100441.47,-140.183,1979,3579,4904,1600,2925
2.719,-0.010742,0.016602,0.974121,2.229008,-0.061069,0.396947,0.005077,-0.001137,1.008497,0.782871,0.788211,-0.177067,43.530,0.607,0.579,-23.5780,-21.1009,33.5780,46.1373,-29.8909,-21.7826,38.5309,53.4095,143.918,143.052,0.169,0.262,144.257,26.480,100441.56,-140.194,1971,7124,8545,5153,6574
2.850,-0.016113,0.013428,0.970215,2.213740,-0.091603,0.381679,-0.000391,-0.004075,1.004625,0.766736,0.756557,-0.191832,43.515,0.689,0.666,-23.7615,-21.0092,33.6697,46.2563,-30.1050,-21.6774,38.6368,53.5633,144.244,143.257,0.200,0.318,144.212,26.480,100441.23,-140.162,1958,3577,4867,1619,2909
2.967,-0.026367,0.013672,0.966797,2.244275,-0.122137,0.396947,-0.010645,-0.003466,1.001293,0.798311,0.727366,-0.177168,43.533,0.763,0.748,-23.6697,-21.1009,33.6697,46.2510,-29.9969,-21.7827,38.6391,53.5470,144.014,142.913,0.220,0.418,144.159,26.480,100441.23,-140.162,1990,3592,4914,1602,2924
3.088,-0.021729,0.003662,0.975342,2.290076,-0.122137,0.396947,-0.006273,-0.013795,1.009631,0.843419,0.726470,-0.176766,43.521,0.832,0.826,-23.6697,-21.0092,33.6697,46.2092,-29.9963,-21.6768,38.6396,53.5040,144.146,142.937,0.179,0.482,144.111,26.480,100441.16,-140.157,1995,3599,4919,1604,2924
3.228,-0.018799,0.005615,0.963867,2.229008,-0.091603,0.335878,-0.003309,-0.011677,0.998280,0.783738,0.758796,-0.238639,43.545,0.909,0.918,-23.9450,-20.9174,33.6697,46.3093,-30.3219,-21.5727,38.6317,53.6396,144.570,143.248,0.170,0.548,144.078,26.480,100440.56,-140.109,1975,3575,4911,1600,2936
3.353,-0.015625,0.018311,0.962891,2.137405,-0.091603,0.396947,0.000222,0.000954,0.997422,0.691962,0.758573,-0.177470,43.542,0.977,0.992,-23.7615,-21.1927,33.5780,46.2733,-30.1090,-21.8896,38.5248,53.5712,143.982,142.562,0.213,0.552,144.022,26.480,100440.32,-140.088,1981,3585,4898,1604,2917
3.493,-0.009766,0.013184,0.967773,2.183206,-0.061069,0.320611,0.005946,-0.004446,1.002177,0.734988,0.785525,-0.252198,43.495,1.053,1.073,-23.6697,-21.1009,33.5780,46.1843,-29.9997,-21.7832,38.5281,53.4687,144.016,142.475,0.220,0.515,143.951,26.480,100439.82,-140.046,1982,3574,4917,1592,2935
3.617,-0.017578,0.015869,0.968750,2.152672,-0.106870,0.381679,-0.001790,-0.001559,1.003206,0.705147,0.740618,-0.191531,43.506,1.116,1.144,-23.8532,-21.0092,33.5780,46.2368,-30.2166,-21.6784,38.5230,53.5445,144.343,142.713,0.264,0.552,143.920,26.480,100439.56,-140.025,1982,3582,4898,1600,2916
3.745,-0.018555,0.009766,0.974365,2.183206,-0.152672,0.320611,-0.002929,-0.007759,1.008709,0.736549,0.695936,-0.253102,43.521,1.177,1.211,-23.8532,-21.0092,33.6697,46.3035,-30.2138,-21.6780,38.6340,53.6227,144.341,142.613,0.261,0.587,143.879,26.480,100439.56,-140.025,1808,3396,4752,1588,2944
3.868,-0.028076,0.011719,0.971924,2.213740,-0.137405,0.427481,-0.012400,-0.005482,1.006356,0.766389,0.710307,-0.145830,43.509,1.240,1.287,-23.6697,-21.1009,33.6697,46.2510,-29.9969,-21.7827,38.6391,53.5470,144.014,142.180,0.262,0.673,143.834,26.480,100439.72,-140.035,1968,3585,4913,1617,2945
3.987,-0.020996,0.006104,0.967041,2.198473,-0.106870,0.412214,-0.005487,-0.011194,1.001436,0.751122,0.740842,-0.161097,43.509,1.290,1.354,-23.6697,-21.0092,33.5780,46.1424,-29.9991,-21.6773,38.5286,53.4257,144.148,142.233,0.228,0.707,143.796,26.480,100440.32,-140.088,2001,3592,4903,1591,2902
4.135,-0.011230,0.013184,0.965088,2.137405,-0.091603,0.305344,0.004476,-0.004347,0.999526,0.691441,0.757900,-0.268771,43.533,1.359,1.432,-23.7615,-20.9174,33.6697,46.2147,-30.1045,-21.5715,38.6373,53.5205,144.376,142.352,0.257,0.675,143.752,26.480,100440.32,-140.088,1983,3592,4921,1609,2938
4.273,0.004150,0.012695,0.968018,2.244275,-0.076336,0.290076,0.019849,-0.005335,1.002349,0.798138,0.772943,-0.283938,43.530,1.434,1.485,-23.6697,-20.9174,33.5780,46.1007,-29.9985,-21.5714,38.5290,53.3828,144.281,142.162,0.283,0.528,143.706,26.480,100440.32,-140.088,1988,3589,4930,1601,2942
4.397,-0.002930,0.019531,0.961426,2.259542,-0.045802,0.427481,0.012950,0.001847,0.995925,0.813058,0.803030,-0.146332,43.524,1.506,1.538,-23.5780,-21.1009,33.5780,46.1373,-29.8909,-21.7826,38.5309,53.4095,143.918,141.707,0.344,0.456,143.667,26.480,100440.16,-140.072,1985,3588,4907,1603,2922
4.519,0.005127,0.017578,0.960205,2.244275,-0.106870,0.366412,0.020950,-0.000309,0.994660,0.796750,0.740618,-0.206798,43.506,1.571,1.572,-23.6697,-21.0092,33.6697,46.2092,-29.9963,-21.6768,38.6396,53.5040,144.146,141.857,0.393,0.341,143.637,26.480,100439.82,-140.046,1980,3578,4905,1598,2925
4.637,-0.002930,0.013916,0.962402,2.259542,-0.152672,0.381679,0.012793,-0.003791,0.996837,0.811844,0.694593,-0.191431,43.504,1.629,1.606,-23.7615,-20.9174,33.6697,46.2147,-30.1045,-21.5715,38.6373,53.5205,144.376,142.021,0.426,0.303,143.625,26.480,100439.66,-140.035,1984,3586,4901,1602,2917
4.764,-0.005371,0.015869,0.968750,2.213740,-0.076336,0.381679,0.010418,-0.001905,1.003149,0.766736,0.771824,-0.191832,43.515,1.689,1.657,-23.6697,-21.1009,33.5780,46.1843,-29.9997,-21.7832,38.5281,53.4687,144.016,141.588,0.447,0.282,143.592,26.480,100439.66,-140.035,1808,3382,4710,1574,2902
4.912,-0.016357,0.015137,0.963623,2.244275,-0.106870,0.458015,-0.000599,-0.002216,0.998119,0.797617,0.741737,-0.115697,43.521,1.769,1.733,-23.6697,-21.1927,33.6697,46.2929,-29.9974,-21.8886,38.6387,53.5901,143.882,141.338,0.465,0.344,143.557,26.480,100439.66,-140.035,1978,3582,4899,1604,2921
5.051,-0.020264,0.014648,0.967773,2.213740,-0.091603,0.396947,-0.004512,-0.002683,1.002240,0.767950,0.758124,-0.177269,43.536,1.835,1.807,-23.7615,-21.0092,33.7615,46.3231,-30.1022,-21.6769,38.7478,53.6417,144.242,141.587,0.490,0.441,143.538,26.480,100439.98,-140.062,1988,3586,4933,1598,2945
5.182,-0.015869,0.017334,0.966064,2.137405,-0.015267,0.351145,-0.000044,-0.000084,1.000555,0.689880,0.832221,-0.222065,43.506,1.887,1.877,-23.8532,-21.1009,33.7615,46.4119,-30.2115,-21.7834,38.7446,53.7438,144.207,141.477,0.515,0.492,143.509,26.480,100440.16,-140.072,1987,3595,4905,1608,2918
5.307,-0.015137,0.015869,0.969727,2.274809,-0.045802,0.351145,0.000653,-0.001650,1.004161,0.828325,0.803030,-0.222668,43.524,1.949,1.938,-23.7615,-21.1927,33.5780,46.2733,-30.1090,-21.8896,38.5248,53.5712,143.982,141.177,0.529,0.517,143.466,26.480,100439.89,-140.051,1985,3586,4906,1601,2921
5.432,0.001953,0.011230,0.966553,2.167939,-0.091603,0.351145,0.017608,-0.006706,1.000895,0.720415,0.755885,-0.222065,43.506,1.991,1.971,-23.7615,-21.0092,33.6697,46.2563,-30.1050,-21.6774,38.6368,53.5633,144.244,141.366,0.506,0.422,143.439,26.480,100439.72,-140.035,1975,3581,4919,1606,2944
5.562,-0.009033,0.015381,0.967529,2.259542,-0.061069,0.381679,0.006740,-0.002264,1.001953,0.814967,0.790228,-0.193241,43.556,2.051,2.024,-23.7615,-20.8257,33.5780,46.1064,-30.1067,-21.4661,38.5267,53.3996,144.511,141.550,0.549,0.435,143.438,26.480,100439.56,-140.025,1999,3605,4914,1606,2915
5.703,-0.016357,0.012207,0.971924,2.274809,0.045802,0.381679,-0.000667,-0.005326,1.006306,0.827285,0.893290,-0.191531,43.506,2.119,2.108,-23.8532,-21.0092,33.5780,46.2368,-30.2166,-21.6784,38.5230,53.5445,144.343,141.291,0.556,0.513,143.424,26.480,100439.22,-139.998,1981,3589,4917,1608,2936
5.831,-0.019043,0.014404,0.969238,2.259542,-0.122137,0.396947,-0.003296,-0.002994,1.003682,0.812364,0.725799,-0.176465,43.512,2.175,2.161,-23.6697,-21.1927,33.6697,46.2929,-29.9974,-21.8886,38.6387,53.5901,143.882,140.736,0.550,0.552,143.382,26.480,100438.89,-139.967,1889,3455,4787,1566,2898
5.968,-0.020508,0.013184,0.973389,2.091603,-0.076336,0.305344,-0.004787,-0.004263,1.007784,0.645640,0.773167,-0.268771,43.533,2.213,2.227,-23.7615,-21.1009,33.6697,46.2980,-30.1056,-21.7833,38.6363,53.6062,144.112,140.895,0.526,0.617,143.340,26.480,100439.05,-139.982,1981,3577,4910,1596,2929
6.092,-0.015137,0.009277,0.965820,2.183206,-0.106870,0.381679,0.000460,-0.008159,1.000231,0.736375,0.741513,-0.191933,43.518,2.249,2.272,-23.8532,-20.9174,33.6697,46.2619,-30.2132,-21.5721,38.6345,53.5800,144.473,141.197,0.509,0.641,143.335,26.480,100439.22,-139.998,1980,3596,4919,1616,2939
6.217,-0.011230,0.008789,0.964111,2.244275,-0.091603,0.305344,0.004350,-0.008722,0.998517,0.796231,0.755214,-0.267566,43.498,2.292,2.314,-23.7615,-21.1009,33.6697,46.2980,-30.1056,-21.7833,38.6363,53.6062,144.112,140.775,0.480,0.623,143.298,26.480,100439.39,-140.009,1978,3574,4893,1596,2915
6.350,-0.005127,0.013916,0.959717,2.244275,-0.106870,0.396947,0.010591,-0.003671,0.994189,0.797617,0.741737,-0.176766,43.521,2.346,2.352,-23.8532,-20.9174,33.5780,46.1952,-30.2160,-21.5726,38.5235,53.5018,144.475,141.081,0.515,0.573,143.299,26.480,100439.72,-140.035,1987,3601,4928,1614,2941
6.468,-0.014160,0.016113,0.964355,2.213740,-0.045802,0.366412,0.001627,-0.001317,0.998843,0.766736,0.802358,-0.207099,43.515,2.386,2.396,-23.8532,-21.1009,33.7615,46.4119,-30.2115,-21.7834,38.7446,53.7438,144.207,140.742,0.541,0.594,143.282,26.480,100438.96,-139.972,1988,3583,4919,1595,2931
6.602,-0.021484,0.009033,0.969238,2.213740,-0.061069,0.366412,-0.005889,-0.008297,1.003641,0.767603,0.788211,-0.207602,43.530,2.430,2.458,-23.7615,-21.1927,33.6697,46.3399,-30.1062,-21.8892,38.6359,53.6493,143.980,140.446,0.501,0.660,143.246,26.480,100438.80,-139.961,2006,3604,4915,1598,2909
6.739,-0.021973,0.013916,0.965820,2.244275,-0.091603,0.290076,-0.006245,-0.003325,1.000308,0.797444,0.756781,-0.283536,43.518,2.484,2.518,-23.7615,-21.0092,33.6697,46.2563,-30.1050,-21.6774,38.6368,53.5633,144.244,140.617,0.525,0.730,143.218,26.480,100438.80,-139.961,1819,3413,4777,1594,2958
6.857,-0.016846,0.014893,0.963623,2.198473,-0.122137,0.335878,-0.001094,-0.002446,0.998119,0.751816,0.726470,-0.237835,43.521,2.519,2.553,-23.8532,-20.9174,33.6697,46.2619,-30.2132,-21.5721,38.6345,53.5800,144.473,140.800,0.552,0.750,143.211,26.480,100438.62,-139.945,1956,3554,4871,1598,2915
6.988,-0.010742,0.007080,0.965332,2.259542,-0.183206,0.335878,0.004792,-0.010471,0.999706,0.811671,0.663835,-0.237132,43.501,2.561,2.582,-23.8532,-20.9174,33.5780,46.1952,-30.2160,-21.5726,38.5235,53.5018,144.475,140.761,0.525,0.716,143.200,26.470,100438.40,-139.924,1982,3577,4917,1595,2935
7.112,-0.016357,0.011719,0.972412,2.259542,-0.061069,0.351145,-0.000680,-0.005825,1.006784,0.812884,0.787539,-0.222568,43.521,2.601,2.626,-23.6697,-21.1927,33.5780,46.2262,-30.0002,-21.8891,38.5276,53.5119,143.884,140.107,0.510,0.723,143.161,26.470,100438.91,-139.967,1986,3592,4920,1606,2934
7.237,-0.012939,0.013672,0.968994,2.213740,-0.045802,0.366412,0.002787,-0.003894,1.003405,0.766389,0.801911,-0.206899,43.509,2.639,2.669,-23.7615,-21.1009,33.6697,46.2980,-30.1056,-21.7833,38.6363,53.6062,144.112,140.269,0.518,0.716,143.139,26.470,100438.91,-139.967,1988,3584,4895,1596,2907
7.362,-0.006836,0.014893,0.961670,2.198473,-0.122137,0.351145,0.008913,-0.002688,0.996140,0.751296,0.725799,-0.222266,43.512,2.675,2.695,-23.8532,-21.0092,33.6697,46.3035,-30.2138,-21.6780,38.6340,53.6227,144.341,140.458,0.544,0.666,143.131,26.480,100439.30,-140.004,1985,3596,4931,1611,2946
7.488,-0.006348,0.014893,0.960205,2.198473,-0.076336,0.335878,0.009398,-0.002670,0.994688,0.751122,0.771376,-0.237433,43.509,2.711,2.725,-23.6697,-21.0092,33.5780,46.1424,-29.9991,-21.6773,38.5286,53.4257,144.148,140.208,0.558,0.617,143.110,26.480,100439.12,-139.988,1985,3579,4919,1594,2934
7.622,-0.013428,0.015381,0.964111,2.167939,-0.061069,0.427481,0.002339,-0.002065,0.998591,0.721455,0.787763,-0.146332,43.524,2.749,2.771,-23.7615,-21.0092,33.5780,46.1895,-30.1078,-21.6779,38.5258,53.4850,144.246,140.256,0.579,0.634,143.109,26.480,100438.96,-139.972,2003,3600,4914,1597,2911
7.755,-0.023438,0.010742,0.972412,2.213740,-0.045802,0.396947,-0.007788,-0.006601,1.006808,0.767603,0.803478,-0.177067,43.530,2.787,2.829,-23.7615,-21.0092,33.6697,46.2563,-30.1050,-21.6774,38.6368,53.5633,144.244,140.174,0.568,0.726,143.102,26.480,100438.96,-139.972,1805,3414,4746,1609,2941
7.877,-0.022461,0.015381,0.975342,2.290076,-0.061069,0.366412,-0.006675,-0.002052,1.009748,0.843419,0.787539,-0.207300,43.521,2.830,2.875,-23.7615,-21.1009,33.6697,46.2980,-30.1056,-21.7833,38.6363,53.6062,144.112,139.985,0.591,0.783,143.082,26.480,100439.22,-139.998,1951,3572,4877,1621,2926
8.008,-0.026367,0.013184,0.971680,2.152672,-0.076336,0.320611,-0.010650,-0.004060,1.006121,0.704974,0.770929,-0.252499,43.504,2.859,2.928,-23.6697,-21.0092,33.6697,46.2092,-29.9963,-21.6768,38.6396,53.5040,144.146,139.943,0.580,0.864,143.053,26.480,100438.72,-139.951,1987,3580,4917,1593,2930
8.132,-0.012939,0.007812,0.971191,2.198473,-0.152672,0.396947,0.002626,-0.009803,1.005522,0.751296,0.695264,-0.176465,43.512,2.882,2.951,-23.7615,-21.0092,33.6697,46.2563,-30.1050,-21.6774,38.6368,53.5633,144.244,140.019,0.540,0.831,143.040,26.480,100438.39,-139.924,1984,3590,4920,1606,2936
8.257,-0.021240,0.010254,0.965332,2.229008,-0.076336,0.366412,-0.005617,-0.006999,0.999786,0.782004,0.771824,-0.207099,43.515,2.912,2.993,-23.7615,-21.1927,33.4862,46.2068,-30.1118,-21.8901,38.4138,53.4931,143.984,139.746,0.519,0.864,143.012,26.480,100438.48,-139.935,1984,3584,4904,1600,2920
8.382,-0.005859,0.011719,0.962891,2.183206,-0.061069,0.290076,0.009802,-0.005917,0.997312,0.735335,0.785972,-0.282933,43.501,2.937,3.018,-23.5780,-21.1927,33.6697,46.2461,-29.8887,-21.8880,38.6415,53.5311,143.784,139.461,0.493,0.777,142.964,26.480,100437.65,-139.861,1986,3595,4928,1609,2942
8.508,-0.010498,0.012207,0.965820,2.198473,-0.091603,0.320611,0.005182,-0.005360,1.000238,0.751989,0.757228,-0.253202,43.524,2.965,3.046,-23.7615,-20.9174,33.5780,46.1479,-30.1072,-21.5720,38.5262,53.4422,144.378,140.031,0.512,0.757,142.963,26.480,100437.75,-139.871,1985,3579,4919,1594,2934
8.642,-0.015381,0.011475,0.959717,2.229008,-0.045802,0.366412,0.000267,-0.005822,0.994214,0.781310,0.801463,-0.206698,43.504,3.002,3.089,-23.8532,-21.1009,33.5780,46.2786,-30.2171,-21.7843,38.5225,53.5875,144.211,139.832,0.522,0.775,142.958,26.490,100438.01,-139.893,2007,3608,4921,1601,2914
8.775,-0.033203,0.014893,0.968750,2.259542,0.030534,0.366412,-0.017444,-0.002093,1.003270,0.812538,0.878694,-0.207099,43.515,3.045,3.162,-23.7615,-21.1009,33.6697,46.2980,-30.1056,-21.7833,38.6363,53.6062,144.112,139.625,0.557,0.931,142.946,26.490,100437.84,-139.877,1814,3414,4737,1600,2923
8.897,-0.022217,0.008545,0.972900,2.198473,-0.198473,0.320611,-0.006628,-0.008844,1.007264,0.751469,0.649687,-0.252901,43.515,3.064,3.184,-23.7615,-21.1009,33.6697,46.2980,-30.1056,-21.7833,38.6363,53.6062,144.112,139.595,0.525,0.948,142.921,26.490,100438.27,-139.914,1971,3588,4886,1617,2915
9.028,-0.015869,0.009033,0.968750,2.183206,-0.183206,0.290076,-0.000274,-0.008446,1.003132,0.735162,0.663611,-0.282833,43.498,3.087,3.206,-23.7615,-20.9174,33.4862,46.0812,-30.1100,-21.5725,38.4152,53.3640,144.380,139.844,0.512,0.930,142.910,26.490,100438.09,-139.903,1984,3574,4910,1590,2926
9.152,-0.004639,0.010986,0.965332,2.213740,-0.061069,0.396947,0.011007,-0.006737,0.999716,0.767083,0.787539,-0.176766,43.521,3.111,3.225,-23.8532,-21.0092,33.5780,46.2368,-30.2166,-21.6784,38.5230,53.5445,144.343,139.782,0.516,0.851,142.913,26.490,100437.86,-139.882,1995,3603,4929,1608,2934
9.277,-0.010254,0.014160,0.964600,2.274809,-0.122137,0.320611,0.005479,-0.003387,0.999048,0.827805,0.726022,-0.252901,43.515,3.147,3.243,-23.6697,-21.1009,33.5780,46.1843,-29.9997,-21.7832,38.5281,53.4687,144.016,139.399,0.538,0.801,142.889,26.490,100437.53,-139.856,1984,3582,4897,1598,2913
9.402,-0.020264,0.011475,0.972900,2.274809,-0.076336,0.320611,-0.004592,-0.005969,1.007283,0.827458,0.771376,-0.252700,43.509,3.179,3.278,-23.8532,-21.0092,33.6697,46.3035,-30.2138,-21.6780,38.6340,53.6227,144.341,139.679,0.557,0.850,142.887,26.490,100437.86,-139.882,1980,3588,4918,1608,2938
9.529,-0.024658,0.009033,0.968750,2.259542,-0.137405,0.335878,-0.009064,-0.008197,1.003173,0.811671,0.709637,-0.237132,43.501,3.206,3.311,-23.7615,-21.1009,33.6697,46.2980,-30.1056,-21.7833,38.6363,53.6062,144.112,139.402,0.541,0.906,142.870,26.490,100437.86,-139.882,1986,3586,4902,1600,2916
9.662,-0.022461,0.012939,0.974609,2.259542,-0.152672,0.396947,-0.006745,-0.004478,1.008999,0.812711,0.695712,-0.176666,43.518,3.243,3.343,-23.6697,-21.0092,33.6697,46.2092,-29.9963,-21.6768,38.6396,53.5040,144.146,139.366,0.557,0.940,142.862,26.490,100438.03,-139.898,2004,3602,4918,1598,2914
9.795,-0.018311,0.013428,0.965576,2.198473,-0.213740,0.335878,-0.002597,-0.003912,1.000045,0.751122,0.633972,-0.237433,43.509,3.272,3.362,-23.6697,-21.0092,33.6697,46.2092,-29.9963,-21.6768,38.6396,53.5040,144.146,139.331,0.564,0.928,142.845,26.490,100438.42,-139.930,1813,3418,4739,1605,2926
9.917,-0.000244,0.013428,0.962646,2.229008,-0.076336,0.274809,0.015466,-0.004361,0.997061,0.781657,0.771376,-0.298502,43.509,3.295,3.369,-23.6697,-20.9174,33.5780,46.1007,-29.9985,-21.5714,38.5290,53.3828,144.281,139.450,0.579,0.815,142.830,26.490,100438.42,-139.930,1965,3582,4887,1617,2922
10.048,-0.000244,0.010498,0.959717,2.229008,-0.122137,0.381679,0.015378,-0.007229,0.994133,0.783218,0.727590,-0.192536,43.536,3.321,3.377,-23.8532,-21.1009,33.6697,46.3452,-30.2143,-21.7839,38.6335,53.6656,144.209,139.380,0.571,0.703,142.829,26.500,100438.52,-139.935,1980,3570,4927,1590,2947
10.172,-0.018066,0.010498,0.976562,2.167939,-0.122137,0.351145,-0.002416,-0.007087,1.010888,0.719895,0.724680,-0.221764,43.498,3.334,3.400,-23.5780,-21.0092,33.5780,46.0954,-29.8904,-21.6767,38.5314,53.3665,144.050,139.164,0.555,0.735,142.819,26.500,100438.52,-139.935,1992,3600,4906,1608,2914
10.297,-0.026855,0.011963,0.970215,2.290076,-0.061069,0.381679,-0.011176,-0.005235,1.004661,0.842725,0.786643,-0.191631,43.509,3.365,3.442,-23.8532,-20.8257,33.6697,46.2205,-30.2126,-21.4662,38.6349,53.5375,144.606,139.676,0.597,0.854,142.847,26.500,100438.85,-139.967,1987,3586,4887,1599,2900
10.422,-0.023193,0.010498,0.975098,2.259542,-0.045802,0.305344,-0.007546,-0.006910,1.009462,0.812711,0.802582,-0.268269,43.518,3.389,3.480,-23.8532,-21.1009,33.5780,46.2786,-30.2171,-21.7843,38.5225,53.5875,144.211,139.275,0.591,0.914,142.833,26.500,100438.85,-139.967,1977,3576,4909,1599,2932
10.549,-0.020752,0.016602,0.970215,2.259542,0.000000,0.366412,-0.004941,-0.000768,1.004678,0.813058,0.848831,-0.207401,43.524,3.421,3.521,-23.5780,-21.1927,33.5780,46.1793,-29.8915,-21.8885,38.5304,53.4528,143.786,138.767,0.608,0.938,142.800,26.500,100438.69,-139.951,1985,3585,4900,1600,2915
10.682,-0.010742,0.017822,0.963623,2.229008,-0.122137,0.290076,0.005092,0.000312,0.998119,0.780097,0.723562,-0.282331,43.483,3.455,3.539,-23.6697,-21.0092,33.5780,46.1424,-29.9991,-21.6773,38.5286,53.4257,144.148,139.088,0.646,0.881,142.779,26.500,100438.52,-139.935,1988,3589,4900,1601,2912
10.815,-0.016846,0.015381,0.965820,2.274809,-0.061069,0.412214,-0.001077,-0.002005,1.000299,0.827978,0.787315,-0.161399,43.518,3.492,3.573,-23.8532,-21.1927,33.5780,46.3205,-30.2177,-21.8902,38.5220,53.6306,144.080,139.012,0.667,0.886,142.771,26.500,100438.52,-139.935,1805,3399,4729,1594,2924
10.948,-0.026123,0.009766,0.974365,2.259542,-0.076336,0.381679,-0.010498,-0.007544,1.008744,0.811498,0.770481,-0.191230,43.498,3.519,3.613,-23.9450,-21.0092,33.6697,46.3508,-30.3225,-21.6786,38.6312,53.6823,144.438,139.303,0.659,0.973,142.781,26.500,100438.52,-139.935,1977,3583,4949,1606,2972
11.072,-0.020020,0.012695,0.964355,2.229008,-0.030534,0.381679,-0.004329,-0.004570,0.998838,0.783044,0.818969,-0.192435,43.533,3.538,3.645,-23.7615,-21.1927,33.7615,46.4066,-30.1034,-21.8887,38.7469,53.7276,143.978,138.782,0.643,0.986,142.759,26.500,100438.78,-139.956,1996,3602,4917,1606,2921
11.197,-0.011963,0.011963,0.965576,2.244275,-0.137405,0.305344,0.003710,-0.005558,1.000001,0.795711,0.708742,-0.267265,43.489,3.559,3.655,-23.6697,-20.9174,33.6697,46.1676,-29.9957,-21.5710,38.6401,53.4612,144.279,139.036,0.640,0.939,142.746,26.500,100438.78,-139.956,1981,3573,4896,1592,2915
11.322,-0.005127,0.011475,0.957275,2.198473,-0.045802,0.442748,0.010518,-0.006060,0.991749,0.751816,0.802806,-0.130965,43.521,3.573,3.669,-23.6697,-21.1009,33.6697,46.2510,-29.9969,-21.7827,38.6391,53.5470,144.014,138.769,0.617,0.852,142.738,26.500,100438.95,-139.972,1981,3589,4920,1608,2939
11.456,-0.014404,0.010010,0.965088,2.198473,-0.137405,0.351145,0.001212,-0.007432,0.999510,0.751296,0.710532,-0.222266,43.512,3.592,3.687,-23.6697,-21.0092,33.6697,46.2092,-29.9963,-21.6768,38.6396,53.5040,144.146,138.866,0.597,0.838,142.730,26.500,100439.11,-139.988,1989,3587,4903,1598,2914
11.592,-0.017334,0.014404,0.968018,2.198473,-0.137405,0.396947,-0.001589,-0.003016,1.002466,0.751122,0.710307,-0.176364,43.509,3.616,3.710,-23.6697,-21.1009,33.6697,46.2510,-29.9969,-21.7827,38.6391,53.5470,144.014,138.709,0.608,0.844,142.723,26.500,100439.11,-139.988,1970,3573,4906,1603,2936
11.732,-0.014404,0.015381,0.959229,2.213740,-0.091603,0.335878,0.001353,-0.001932,0.993764,0.767083,0.757004,-0.237835,43.521,3.647,3.737,-23.7615,-21.0092,33.7615,46.3231,-30.1022,-21.6769,38.7478,53.6417,144.242,138.884,0.641,0.842,142.721,26.500,100438.78,-139.956,1692,3313,4700,1621,3008
11.857,-0.002930,0.015869,0.962646,2.259542,-0.122137,0.427481,0.012849,-0.001843,0.997097,0.812018,0.725351,-0.145729,43.506,3.672,3.737,-23.6697,-21.0092,33.6697,46.2092,-29.9963,-21.6768,38.6396,53.5040,144.146,138.772,0.667,0.748,142.725,26.500,100439.05,-139.982,1953,3569,4885,1616,2932
11.988,-0.000977,0.009033,0.965088,2.290076,-0.030534,0.442748,0.014613,-0.008789,0.999438,0.843072,0.817625,-0.130764,43.515,3.696,3.751,-23.6697,-21.0092,33.7615,46.2761,-29.9935,-21.6764,38.7506,53.5825,144.144,138.726,0.645,0.663,142.731,26.500,100438.38,-139.924,1987,3578,4929,1591,2942
12.112,-0.010010,0.014160,0.962402,2.229008,-0.106870,0.366412,0.005719,-0.003346,0.996872,0.782177,0.741513,-0.207200,43.518,3.713,3.759,-23.7615,-21.0092,33.5780,46.1895,-30.1078,-21.6779,38.5258,53.4850,144.246,138.856,0.666,0.654,142.739,26.500,100438.20,-139.908,1989,3595,4897,1606,2908
12.237,-0.013428,0.014893,0.963135,2.198473,-0.061069,0.412214,0.002323,-0.002532,0.997620,0.751816,0.787539,-0.161499,43.521,3.729,3.778,-23.8532,-21.0092,33.5780,46.2368,-30.2166,-21.6784,38.5230,53.5445,144.343,138.942,0.691,0.679,142.759,26.500,100438.80,-139.961,1983,3576,4894,1593,2911
12.362,-0.020996,0.007568,0.968018,2.167939,-0.045802,0.366412,-0.005444,-0.009750,1.002417,0.720935,0.802358,-0.207099,43.515,3.731,3.807,-23.6697,-21.1927,33.6697,46.2929,-29.9974,-21.8886,38.6387,53.5901,143.882,138.433,0.631,0.738,142.740,26.500,100438.47,-139.935,1992,3605,4927,1613,2935
12.489,-0.026367,0.013184,0.971680,2.290076,-0.137405,0.305344,-0.010650,-0.004060,1.006121,0.842725,0.710307,-0.267967,43.509,3.756,3.831,-23.7615,-21.1009,33.6697,46.2980,-30.1056,-21.7833,38.6363,53.6062,144.112,138.633,0.647,0.826,142.729,26.510,100438.73,-139.956,1982,3575,4901,1593,2919
12.622,-0.011230,0.010498,0.965576,2.259542,-0.137405,0.381679,0.004401,-0.007044,0.999983,0.813058,0.711427,-0.192134,43.524,3.779,3.842,-23.7615,-21.0092,33.5780,46.1895,-30.1078,-21.6779,38.5258,53.4850,144.246,138.749,0.640,0.796,142.733,26.510,100438.56,-139.940,1985,3581,4912,1596,2927
12.755,-0.013428,0.013672,0.966064,2.213740,-0.076336,0.351145,0.002294,-0.003817,1.000508,0.765869,0.770705,-0.221865,43.501,3.799,3.863,-23.7615,-21.1927,33.5780,46.2733,-30.1090,-21.8896,38.5248,53.5712,143.982,138.475,0.639,0.785,142.717,26.510,100438.90,-139.967,1817,3416,4760,1599,2943
12.877,-0.009033,0.014404,0.965332,2.244275,0.000000,0.366412,0.006708,-0.003193,0.999769,0.796924,0.847712,-0.206899,43.509,3.815,3.880,-23.7615,-21.1009,33.5780,46.2313,-30.1084,-21.7838,38.5253,53.5280,144.114,138.574,0.654,0.760,142.714,26.510,100438.90,-139.967,1951,3569,4883,1618,2932
13.008,-0.012695,0.013184,0.969238,2.167939,-0.122137,0.335878,0.003018,-0.004395,1.003640,0.720935,0.726022,-0.237634,43.515,3.826,3.892,-23.7615,-21.0092,33.6697,46.2563,-30.1050,-21.6774,38.6368,53.5633,144.244,138.661,0.657,0.754,142.715,26.510,100438.90,-139.967,1987,3576,4930,1589,2943
13.132,-0.018799,0.015381,0.970215,2.259542,-0.152672,0.381679,-0.003022,-0.002045,1.004657,0.813231,0.696384,-0.192234,43.527,3.846,3.902,-23.9450,-21.0092,33.6697,46.3508,-30.3225,-21.6786,38.6312,53.6823,144.438,138.863,0.696,0.795,142.733,26.510,100439.23,-139.998,1990,3597,4894,1607,2904
13.257,-0.020752,0.016846,0.969971,2.152672,-0.106870,0.427481,-0.004934,-0.000519,1.004439,0.706188,0.741961,-0.146332,43.524,3.855,3.921,-23.7615,-21.1927,33.6697,46.3399,-30.1062,-21.8892,38.6359,53.6493,143.980,138.375,0.703,0.830,142.726,26.500,100439.14,-139.988,1987,3581,4893,1594,2906
13.382,-0.018555,0.007812,0.979248,2.229008,-0.152672,0.351145,-0.002975,-0.009818,1.013522,0.782177,0.695712,-0.222467,43.518,3.863,3.931,-23.8532,-21.0092,33.5780,46.2368,-30.2166,-21.6784,38.5230,53.5445,144.343,138.738,0.669,0.854,142.728,26.500,100439.14,-139.988,1980,3594,4929,1614,2949
13.509,-0.010986,0.011963,0.968750,2.244275,-0.076336,0.427481,0.004692,-0.005654,1.003137,0.796924,0.771376,-0.145830,43.509,3.878,3.942,-23.7615,-21.1009,33.6697,46.2980,-30.1056,-21.7833,38.6363,53.6062,144.112,138.466,0.659,0.821,142.727,26.500,100438.88,-139.967,1988,3584,4900,1596,2912
13.642,-0.001221,0.015381,0.956299,2.198473,-0.076336,0.442748,0.014533,-0.002242,0.990802,0.750776,0.770929,-0.130362,43.504,3.896,3.947,-23.6697,-21.1009,33.6697,46.2510,-29.9969,-21.7827,38.6391,53.5470,144.014,138.337,0.666,0.712,142.724,26.500,100438.70,-139.951,1983,3584,4907,1601,2924
13.775,-0.002930,0.015869,0.959961,2.198473,-0.030534,0.427481,0.012844,-0.001785,0.994439,0.751816,0.818073,-0.146232,43.521,3.914,3.960,-23.7615,-21.0092,33.4862,46.1229,-30.1106,-21.6783,38.4147,53.4069,144.248,138.587,0.691,0.649,142.739,26.500,100438.28,-139.919,1805,3413,4737,1608,2932
13.897,-0.008545,0.014160,0.970459,2.213740,-0.167939,0.412214,0.007199,-0.003562,1.004838,0.767256,0.680892,-0.161599,43.524,3.923,3.954,-23.7615,-21.0092,33.5780,46.1895,-30.1078,-21.6779,38.5258,53.4850,144.246,138.566,0.702,0.623,142.750,26.500,100438.61,-139.945,1953,3574,4882,1621,2929
14.028,-0.010010,0.012207,0.959717,2.274809,0.015267,0.351145,0.005659,-0.005242,0.994195,0.827978,0.863651,-0.222467,43.518,3.945,3.980,-23.7615,-21.1927,33.5780,46.2733,-30.1090,-21.8896,38.5248,53.5712,143.982,138.288,0.692,0.623,142.738,26.500,100438.78,-139.956,1990,3580,4937,1590,2947
14.162,-0.021729,0.010498,0.971436,2.259542,-0.076336,0.335878,-0.006088,-0.006873,1.005831,0.812018,0.771152,-0.237332,43.506,3.965,4.008,-23.8532,-21.1009,33.6697,46.3452,-30.2143,-21.7839,38.6335,53.6656,144.209,138.468,0.683,0.710,142.739,26.500,100439.11,-139.988,1987,3584,4886,1597,2899
14.287,-0.024414,0.011719,0.967041,2.167939,-0.061069,0.381679,-0.008747,-0.005480,1.001507,0.720241,0.786196,-0.191431,43.504,3.968,4.035,-23.6697,-20.9174,33.5780,46.1007,-29.9985,-21.5714,38.5290,53.3828,144.281,138.487,0.675,0.802,142.747,26.500,100438.95,-139.972,1986,3583,4892,1597,2906
14.412,-0.020508,0.010010,0.974854,2.213740,-0.122137,0.351145,-0.004874,-0.007470,1.009203,0.767950,0.727590,-0.223071,43.536,3.974,4.049,-23.7615,-21.1009,33.5780,46.2313,-30.1084,-21.7838,38.5253,53.5280,144.114,138.341,0.648,0.840,142.737,26.500,100438.78,-139.956,1988,3587,4915,1599,2927
14.539,-0.012939,0.013672,0.964844,2.244275,-0.076336,0.290076,0.002780,-0.003804,0.999297,0.796750,0.771152,-0.283134,43.506,3.989,4.060,-23.6697,-21.1009,33.5780,46.1843,-29.9997,-21.7832,38.5281,53.4687,144.016,138.209,0.650,0.820,142.714,26.500,100438.45,-139.930,1980,3591,4917,1611,2937
14.672,-0.004639,0.015625,0.965088,2.259542,-0.122137,0.366412,0.011137,-0.002091,0.999519,0.813058,0.726694,-0.207401,43.524,4.013,4.061,-23.6697,-21.0092,33.5780,46.1424,-29.9991,-21.6773,38.5286,53.4257,144.148,138.313,0.676,0.738,142.710,26.500,100438.70,-139.951,1979,3581,4903,1602,2924
14.805,-0.011963,0.018555,0.965576,2.167939,-0.076336,0.305344,0.003896,0.001037,1.000065,0.718855,0.769140,-0.266964,43.480,4.028,4.076,-23.7615,-21.0092,33.5780,46.1895,-30.1078,-21.6779,38.5258,53.4850,144.246,138.405,0.716,0.733,142.708,26.500,100439.05,-139.982,1801,3394,4725,1593,2924
14.927,-0.007812,0.013428,0.965332,2.259542,-0.061069,0.290076,0.007901,-0.004205,0.999754,0.811844,0.786196,-0.283034,43.504,4.039,4.079,-23.8532,-21.1927,33.5780,46.3205,-30.2177,-21.8902,38.5220,53.6306,144.080,138.263,0.714,0.697,142.693,26.500,100438.70,-139.951,1964,3693,5003,1729,3039
15.058,-0.013916,0.012695,0.964111,2.198473,-0.045802,0.351145,0.001774,-0.004738,0.998568,0.750949,0.801687,-0.222065,43.506,4.049,4.098,-23.7615,-21.0092,33.5780,46.1895,-30.1078,-21.6779,38.5258,53.4850,144.246,138.373,0.711,0.719,142.697,26.500,100438.55,-139.940,1993,3590,4943,1597,2950
15.182,-0.017334,0.012207,0.968750,2.229008,-0.106870,0.381679,-0.001649,-0.005230,1.003170,0.781137,0.740171,-0.191330,43.501,4.057,4.108,-23.6697,-21.1009,33.5780,46.1843,-29.9997,-21.7832,38.5281,53.4687,144.016,138.126,0.696,0.744,142.690,26.500,100438.64,-139.945,1994,3599,4914,1605,2920
15.309,-0.016357,0.012695,0.963379,2.229008,-0.137405,0.381679,-0.000668,-0.004653,0.997854,0.782004,0.710755,-0.191832,43.515,4.068,4.115,-23.7615,-21.0092,33.6697,46.2563,-30.1050,-21.6774,38.6368,53.5633,144.244,138.328,0.699,0.764,142.696,26.500,100438.64,-139.945,1987,3583,4893,1596,2906
15.427,-0.011963,0.011230,0.969971,2.259542,-0.106870,0.442748,0.003697,-0.006385,1.004343,0.811844,0.740394,-0.130362,43.504,4.074,4.114,-23.6697,-21.1009,33.4862,46.1176,-30.0025,-21.7837,38.4171,53.3905,144.018,138.129,0.682,0.747,142.696,26.500,100438.64,-139.945,1981,3617,4938,1636,2957
15.549,-0.005615,0.012207,0.961914,2.290076,-0.045802,0.351145,0.010058,-0.005414,0.996349,0.842552,0.801687,-0.222065,43.506,4.086,4.116,-23.7615,-20.9174,33.7615,46.2816,-30.1017,-21.5711,38.7483,53.5990,144.374,138.417,0.694,0.707,142.706,26.510,100439.06,-139.982,1990,3579,4902,1589,2912
15.682,-0.000488,0.015625,0.968018,2.198473,-0.137405,0.412214,0.015293,-0.002272,1.002399,0.751122,0.710307,-0.161097,43.509,4.100,4.109,-23.8532,-21.1927,33.5780,46.3205,-30.2177,-21.8902,38.5220,53.6306,144.080,138.198,0.704,0.606,142.708,26.510,100439.23,-139.998,1985,3586,4904,1601,2919
15.815,-0.001465,0.012695,0.950684,2.213740,-0.061069,0.351145,0.014203,-0.004801,0.985220,0.765696,0.785749,-0.221764,43.498,4.112,4.113,-23.6697,-21.1009,33.4862,46.1176,-30.0025,-21.7837,38.4171,53.3905,144.018,138.103,0.693,0.534,142.701,26.510,100439.83,-140.046,1805,3402,4732,1597,2927
15.948,-0.013672,0.014648,0.972656,2.198473,-0.106870,0.458015,0.002089,-0.002976,1.007042,0.750949,0.740618,-0.115195,43.506,4.125,4.125,-23.7615,-20.9174,33.5780,46.1479,-30.1072,-21.5720,38.5262,53.4422,144.378,138.423,0.719,0.577,142.735,26.510,100439.99,-140.062,1978,3581,4945,1603,2967
16.072,-0.006836,0.011719,0.959717,2.274809,-0.198473,0.366412,0.008820,-0.005820,0.994176,0.827978,0.649910,-0.207200,43.518,4.136,4.111,-23.8532,-21.1009,33.6697,46.3452,-30.2143,-21.7839,38.6335,53.6656,144.209,138.273,0.717,0.543,142.741,26.510,100439.66,-140.035,1994,3599,4914,1605,2920
16.197,-0.019775,0.013672,0.963867,2.229008,-0.091603,0.366412,-0.004058,-0.003589,0.998363,0.780790,0.754991,-0.206397,43.495,4.145,4.126,-23.8532,-21.0092,33.5780,46.2368,-30.2166,-21.6784,38.5230,53.5445,144.343,138.397,0.732,0.624,142.756,26.510,100439.39,-140.009,1989,3579,4895,1590,2906
16.322,-0.015869,0.010742,0.970459,2.259542,-0.076336,0.381679,-0.000223,-0.006773,1.004840,0.811151,0.770034,-0.191030,43.492,4.154,4.138,-23.6697,-21.0092,33.6697,46.2092,-29.9963,-21.6768,38.6396,53.5040,144.146,138.137,0.713,0.659,142.755,26.510,100439.22,-139.998,1978,3583,4913,1605,2935
16.449,-0.010254,0.011230,0.968506,2.167939,-0.076336,0.305344,0.005403,-0.006402,1.002885,0.720241,0.770929,-0.267766,43.504,4.152,4.145,-23.5780,-21.0092,33.6697,46.1623,-29.8876,-21.6763,38.6424,53.4449,144.048,138.020,0.682,0.646,142.738,26.510,100439.22,-139.998,1985,3575,4896,1590,2911
16.590,-0.006348,0.014160,0.964844,2.229008,-0.091603,0.366412,0.009386,-0.003503,0.999271,0.781657,0.756109,-0.206899,43.509,4.173,4.156,-23.9450,-21.1927,33.5780,46.3678,-30.3264,-21.8908,38.5193,53.6901,144.177,138.225,0.694,0.606,142.742,26.510,100439.48,-140.019,1975,3576,4898,1601,2923
16.713,-0.004639,0.009277,0.966064,2.198473,-0.137405,0.335878,0.010960,-0.008462,1.000424,0.749563,0.708295,-0.236530,43.483,4.171,4.145,-23.7615,-21.2844,33.5780,46.3154,-30.1095,-21.9955,38.5244,53.6145,143.851,137.889,0.649,0.548,142.722,26.510,100439.81,-140.046,1986,3581,4900,1595,2914
16.837,-0.005859,0.014893,0.958008,2.274809,0.000000,0.381679,0.009883,-0.002636,0.992511,0.826591,0.846594,-0.191130,43.495,4.185,4.154,-23.5780,-20.9174,33.5780,46.0537,-29.8898,-21.5709,38.5318,53.3236,144.183,138.132,0.681,0.536,142.733,26.510,100439.48,-140.019,1847,3436,4781,1589,2934
16.968,-0.005615,0.009033,0.963135,2.259542,-0.015267,0.442748,0.009971,-0.008615,0.997527,0.813231,0.833788,-0.131166,43.527,4.196,4.167,-23.7615,-21.0092,33.7615,46.3231,-30.1022,-21.6769,38.7478,53.6417,144.242,138.179,0.665,0.524,142.754,26.520,100439.58,-140.025,1982,3578,4929,1596,2947
17.092,-0.004883,0.012695,0.963867,2.183206,-0.015267,0.381679,0.010808,-0.004989,0.998284,0.735508,0.831997,-0.191431,43.504,4.195,4.172,-23.6697,-21.1009,33.5780,46.1843,-29.9997,-21.7832,38.5281,53.4687,144.016,137.982,0.657,0.500,142.754,26.520,100439.58,-140.025,1987,3599,4894,1612,2907
17.217,-0.006348,0.014404,0.965332,2.152672,-0.061069,0.412214,0.009394,-0.003269,0.999757,0.705147,0.786420,-0.160997,43.506,4.194,4.174,-23.6697,-21.1009,33.5780,46.1843,-29.9997,-21.7832,38.5281,53.4687,144.016,137.981,0.660,0.484,142.758,26.520,100438.91,-139.967,1987,3581,4906,1594,2919
17.342,-0.008545,0.015137,0.964111,2.335878,-0.152672,0.335878,0.007215,-0.002448,0.998566,0.888180,0.694593,-0.237232,43.504,4.216,4.168,-23.7615,-21.0092,33.5780,46.1895,-30.1078,-21.6779,38.5258,53.4850,144.246,138.204,0.702,0.483,142.768,26.520,100439.34,-140.004,1986,3600,4920,1614,2934
17.469,-0.008301,0.012451,0.967529,2.290076,-0.091603,0.396947,0.007389,-0.005215,1.001921,0.841685,0.754767,-0.175762,43.492,4.230,4.169,-23.8532,-21.1009,33.6697,46.3452,-30.2143,-21.7839,38.6335,53.6656,144.209,138.164,0.710,0.485,142.780,26.520,100439.34,-140.004,1982,3577,4894,1595,2912
17.602,-0.012451,0.013184,0.964600,2.259542,-0.076336,0.351145,0.003254,-0.004301,0.999049,0.811151,0.770034,-0.221564,43.492,4.247,4.183,-23.6697,-21.1009,33.6697,46.2510,-29.9969,-21.7827,38.6391,53.5470,144.014,137.917,0.709,0.513,142.773,26.520,100439.17,-139.993,1987,3581,4896,1594,2909
17.740,-0.015869,0.016846,0.964844,2.213740,-0.030534,0.427481,-0.000060,-0.000546,0.999342,0.766043,0.816730,-0.145629,43.504,4.264,4.209,-23.7615,-20.8257,33.6697,46.1732,-30.1039,-21.4657,38.6377,53.4780,144.509,138.364,0.758,0.589,142.808,26.520,100439.94,-140.056,1818,3418,4765,1600,2947
17.857,-0.020752,0.016846,0.970947,2.198473,-0.137405,0.351145,-0.004933,-0.000540,1.005405,0.750776,0.709860,-0.221965,43.504,4.265,4.212,-23.7615,-21.1009,33.5780,46.2313,-30.1084,-21.7838,38.5253,53.5280,144.114,138.016,0.768,0.648,142.800,26.520,100439.77,-140.041,1949,3562,4868,1613,2919
17.988,-0.022217,0.009521,0.963867,2.290076,-0.167939,0.351145,-0.006617,-0.007672,0.998334,0.843419,0.680668,-0.222568,43.521,4.279,4.223,-23.7615,-21.2844,33.5780,46.3154,-30.1095,-21.9955,38.5244,53.6145,143.851,137.757,0.721,0.703,142.771,26.520,100440.20,-140.078,1988,3578,4930,1590,2942
18.112,-0.016113,0.012207,0.974365,2.198473,-0.076336,0.366412,-0.000418,-0.005386,1.008721,0.750949,0.771152,-0.206798,43.506,4.279,4.233,-23.7615,-21.1009,33.5780,46.2313,-30.1084,-21.7838,38.5253,53.5280,144.114,137.992,0.702,0.726,142.764,26.520,100440.20,-140.078,1989,3599,4898,1610,2909
18.237,-0.012207,0.012207,0.960449,2.320611,-0.122137,0.396947,0.003463,-0.005196,0.994931,0.872220,0.724233,-0.175762,43.492,4.294,4.233,-23.7615,-21.0092,33.5780,46.1895,-30.1078,-21.6779,38.5258,53.4850,144.246,138.102,0.708,0.718,142.769,26.520,100439.86,-140.051,1986,3586,4903,1600,2917
18.362,-0.007080,0.007812,0.965576,2.137405,-0.137405,0.366412,0.008476,-0.009848,0.999938,0.689360,0.709413,-0.206497,43.498,4.282,4.226,-23.8532,-21.0092,33.5780,46.2368,-30.2166,-21.6784,38.5230,53.5445,144.343,138.229,0.662,0.677,142.775,26.520,100439.86,-140.051,1985,3596,4923,1611,2938
18.489,-0.002197,0.015381,0.970947,2.213740,-0.122137,0.351145,0.013582,-0.002531,1.005304,0.767256,0.726694,-0.222668,43.524,4.288,4.216,-23.6697,-21.0092,33.5780,46.1424,-29.9991,-21.6773,38.5286,53.4257,144.148,138.006,0.677,0.601,142.771,26.520,100439.86,-140.051,1987,3579,4895,1592,2908
18.622,0.002197,0.010742,0.962158,2.198473,-0.122137,0.320611,0.017830,-0.007106,0.996540,0.750776,0.725127,-0.252499,43.504,4.292,4.206,-23.8532,-21.1009,33.5780,46.2786,-30.2171,-21.7843,38.5225,53.5875,144.211,138.114,0.659,0.502,142.770,26.520,100439.59,-140.025,1985,3588,4918,1603,2933
18.755,-0.009521,0.017090,0.963623,2.122137,-0.076336,0.335878,0.006293,-0.000456,0.998106,0.675480,0.772271,-0.237835,43.521,4.294,4.215,-23.5780,-21.1009,33.6697,46.2041,-29.8881,-21.7821,38.6419,53.4880,143.916,137.747,0.672,0.502,142.757,26.520,100439.34,-140.004,1815,3411,4751,1596,2936
18.877,-0.018311,0.013184,0.966309,2.244275,-0.091603,0.351145,-0.002603,-0.004172,1.000767,0.796404,0.755438,-0.221865,43.501,4.299,4.224,-23.6697,-21.0092,33.5780,46.1424,-29.9991,-21.6773,38.5286,53.4257,144.148,137.992,0.684,0.570,142.761,26.520,100439.34,-140.004,1951,3564,4881,1613,2930
19.008,-0.019531,0.010498,0.971191,2.244275,-0.122137,0.335878,-0.003891,-0.006930,1.005579,0.796924,0.725575,-0.237433,43.509,4.307,4.237,-23.6697,-21.0092,33.5780,46.1424,-29.9991,-21.6773,38.5286,53.4257,144.148,137.977,0.671,0.638,142.759,26.520,100439.17,-139.993,1982,3575,4929,1593,2947
19.132,-0.019775,0.015381,0.973389,2.183206,-0.122137,0.366412,-0.003993,-0.002086,1.007802,0.734642,0.724009,-0.206196,43.489,4.308,4.245,-23.8532,-21.1927,33.6697,46.3870,-30.2149,-21.8897,38.6331,53.7086,144.078,137.935,0.682,0.691,142.755,26.520,100439.34,-140.004,1988,3598,4896,1610,2908
19.257,-0.028809,0.009766,0.965820,2.305344,-0.137405,0.381679,-0.013199,-0.007283,1.000300,0.858166,0.710532,-0.191732,43.512,4.319,4.262,-23.6697,-21.1009,33.6697,46.2510,-29.9969,-21.7827,38.6391,53.5470,144.014,137.809,0.664,0.798,142.746,26.520,100439.34,-140.004,1990,3585,4898,1595,2908
19.382,-0.013184,0.011719,0.970947,2.259542,-0.030534,0.290076,0.002492,-0.005883,1.005320,0.811498,0.816283,-0.282833,43.498,4.325,4.274,-23.7615,-21.1009,33.4862,46.1647,-30.1112,-21.7842,38.4143,53.4499,144.116,137.951,0.657,0.796,142.730,26.520,100439.51,-140.019,1984,3597,4928,1613,2944
19.509,-0.013916,0.014893,0.963135,2.259542,-0.091603,0.381679,0.001835,-0.002519,0.997622,0.812191,0.756109,-0.191631,43.509,4.336,4.280,-23.7615,-21.0092,33.6697,46.2563,-30.1050,-21.6774,38.6368,53.5633,144.244,138.018,0.682,0.796,142.735,26.520,100439.34,-140.004,1984,3578,4894,1594,2910
19.642,-0.009521,0.016113,0.961670,2.229008,-0.106870,0.351145,0.006261,-0.001390,0.996164,0.781137,0.740171,-0.221865,43.501,4.350,4.284,-23.7615,-21.1009,33.5780,46.2313,-30.1084,-21.7838,38.5253,53.5280,144.114,137.905,0.701,0.753,142.725,26.520,100439.17,-139.993,1981,3583,4909,1602,2928
19.775,-0.013916,0.009033,0.965332,2.198473,-0.091603,0.381679,0.001673,-0.008428,0.999740,0.749736,0.754320,-0.190829,43.486,4.351,4.295,-23.6697,-21.1009,33.6697,46.2510,-29.9969,-21.7827,38.6391,53.5470,144.014,137.763,0.655,0.751,142.714,26.520,100438.84,-139.961,1808,3408,4737,1600,2929
19.897,-0.025879,0.016357,0.970703,2.167939,0.076336,0.305344,-0.010074,-0.000878,1.005183,0.720415,0.923824,-0.267867,43.506,4.349,4.331,-23.8532,-21.0092,33.6697,46.3035,-30.2138,-21.6780,38.6340,53.6227,144.341,138.086,0.687,0.865,142.718,26.520,100439.17,-139.993,1947,3566,4875,1619,2928
20.028,-0.028564,0.004639,0.981689,2.213740,0.000000,0.351145,-0.013071,-0.012762,1.015954,0.765350,0.846370,-0.221564,43.492,4.346,4.368,-23.7615,-21.0092,33.5780,46.1895,-30.1078,-21.6779,38.5258,53.4850,144.246,137.970,0.624,0.976,142.714,26.520,100439.08,-139.982,1983,3577,4931,1594,2948
20.152,-0.029541,0.014893,0.980713,2.183206,-0.061069,0.274809,-0.013760,-0.002456,1.015092,0.735162,0.785749,-0.298100,43.498,4.345,4.391,-23.7615,-21.1009,33.5780,46.2313,-30.1084,-21.7838,38.5253,53.5280,144.114,137.832,0.634,1.059,142.693,26.520,100439.25,-139.998,1991,3599,4905,1608,2914
20.277,-0.022705,0.008789,0.971191,2.244275,-0.091603,0.396947,-0.007113,-0.008549,1.005578,0.796750,0.755885,-0.176264,43.506,4.347,4.404,-23.7615,-20.9174,33.4862,46.0812,-30.1100,-21.5725,38.4152,53.3640,144.380,138.086,0.618,1.091,142.700,26.520,100439.58,-140.025,1991,3586,4904,1595,2913
20.402,-0.012695,0.009766,0.970215,2.229008,0.015267,0.305344,0.002924,-0.007835,1.004574,0.781657,0.862979,-0.267967,43.509,4.347,4.419,-23.7615,-21.1009,33.6697,46.2980,-30.1056,-21.7833,38.6363,53.6062,144.112,137.791,0.593,1.050,142.678,26.510,100439.66,-140.035,1981,3595,4926,1614,2945
20.529,-0.005127,0.011230,0.961182,2.259542,-0.061069,0.335878,0.010518,-0.006389,0.995613,0.812191,0.786643,-0.237433,43.509,4.353,4.416,-23.7615,-21.1009,33.6697,46.2980,-30.1056,-21.7833,38.6363,53.6062,144.112,137.789,0.588,0.952,142.664,26.510,100439.81,-140.046,1989,3581,4904,1592,2915
20.662,-0.010010,0.012939,0.967285,2.229008,-0.061069,0.396947,0.005694,-0.004673,1.001693,0.780617,0.785301,-0.175762,43.492,4.363,4.423,-23.7615,-21.0092,33.6697,46.2563,-30.1050,-21.6774,38.6368,53.5633,144.244,137.897,0.604,0.906,142.671,26.510,100440.31,-140.088,1990,3591,4917,1601,2927
20.795,-0.016113,0.015869,0.970459,2.183206,-0.045802,0.396947,-0.000322,-0.001638,1.004891,0.735855,0.801911,-0.176364,43.509,4.369,4.440,-23.8532,-20.9174,33.5780,46.1952,-30.2160,-21.5726,38.5235,53.5018,144.475,138.136,0.648,0.925,142.695,26.510,100440.31,-140.088,1816,3405,4726,1589,2910
20.917,-0.017822,0.009766,0.966064,2.183206,0.061069,0.396947,-0.002211,-0.007600,1.000490,0.734988,0.907663,-0.175863,43.495,4.361,4.462,-23.7615,-21.1009,33.5780,46.2313,-30.1084,-21.7838,38.5253,53.5280,144.114,137.771,0.620,0.950,142.691,26.510,100440.48,-140.104,1963,3576,4885,1613,2922
21.048,-0.018799,0.007568,0.969238,2.183206,-0.137405,0.320611,-0.003244,-0.009839,1.003615,0.735508,0.709860,-0.252499,43.504,4.357,4.468,-23.7615,-21.0092,33.5780,46.1895,-30.1078,-21.6779,38.5258,53.4850,144.246,137.890,0.585,0.961,142.685,26.510,100440.82,-140.130,1985,3700,5062,1715,3077
21.172,-0.018311,0.012695,0.969482,2.290076,-0.152672,0.396947,-0.002611,-0.004729,1.003904,0.842032,0.694146,-0.175963,43.498,4.367,4.465,-23.7615,-21.1009,33.5780,46.2313,-30.1084,-21.7838,38.5253,53.5280,144.114,137.764,0.600,0.959,142.683,26.520,100441.25,-140.167,1983,3587,4987,1604,3004
21.297,-0.017578,0.008789,0.963867,2.305344,-0.137405,0.335878,-0.001999,-0.008536,0.998305,0.858686,0.711203,-0.237835,43.521,4.375,4.466,-23.7615,-20.8257,33.6697,46.1732,-30.1039,-21.4657,38.6377,53.4780,144.509,138.101,0.607,0.970,142.695,26.520,100441.08,-140.151,1982,3594,4922,1612,2940
21.422,-0.020264,0.016846,0.976074,2.320611,-0.137405,0.351145,-0.004435,-0.000665,1.010476,0.873780,0.710979,-0.222467,43.518,4.394,4.469,-23.7615,-21.0092,33.5780,46.1895,-30.1078,-21.6779,38.5258,53.4850,144.246,137.864,0.657,0.986,142.693,26.520,100441.08,-140.151,1980,3587,4919,1607,2939
21.549,-0.011475,0.016357,0.973389,2.305344,-0.091603,0.366412,0.004336,-0.001344,1.007773,0.857473,0.755438,-0.206597,43.501,4.411,4.468,-23.6697,-21.1009,33.5780,46.1843,-29.9997,-21.7832,38.5281,53.4687,144.016,137.617,0.680,0.932,142.677,26.520,100441.08,-140.151,1981,3613,4924,1632,2943
21.694,0.000000,0.013916,0.971924,2.244275,-0.030534,0.396947,0.015740,-0.004080,1.006246,0.796231,0.816283,-0.175963,43.498,4.431,4.477,-23.7615,-20.8257,33.5780,46.1064,-30.1067,-21.4661,38.5267,53.3996,144.511,138.074,0.703,0.816,142.698,26.520,100440.91,-140.141,1987,3595,4914,1608,2927
21.821,-0.009521,0.014648,0.961182,2.152672,-0.030534,0.305344,0.006219,-0.002845,0.995667,0.703069,0.814272,-0.266664,43.471,4.427,4.482,-23.9450,-21.1009,33.6697,46.3925,-30.3231,-21.7844,38.6308,53.7251,144.306,137.915,0.708,0.791,142.696,26.520,100440.24,-140.083,1808,3394,4710,1586,2902
21.958,-0.019287,0.010010,0.968018,2.213740,-0.183206,0.381679,-0.003666,-0.007356,1.002432,0.765176,0.662941,-0.190929,43.489,4.433,4.485,-23.7615,-21.1927,33.5780,46.2733,-30.1090,-21.8896,38.5248,53.5712,143.982,137.583,0.669,0.811,142.683,26.520,100440.34,-140.088,1984,3585,4945,1601,2961
22.082,-0.016113,0.014893,0.962402,2.152672,-0.106870,0.366412,-0.000364,-0.002440,0.996908,0.704628,0.739947,-0.206497,43.498,4.427,4.486,-23.7615,-20.8257,33.5780,46.1064,-30.1067,-21.4661,38.5267,53.3996,144.511,138.072,0.694,0.833,142.703,26.520,100440.77,-140.125,1987,3594,4910,1607,2923
22.207,-0.009766,0.010986,0.967773,2.167939,-0.122137,0.335878,0.005884,-0.006644,1.002156,0.720761,0.725799,-0.237533,43.512,4.419,4.479,-23.6697,-21.0092,33.5780,46.1424,-29.9991,-21.6773,38.5286,53.4257,144.148,137.725,0.667,0.791,142.693,26.520,100440.60,-140.115,1987,3579,4897,1592,2910
22.332,-0.015625,0.016846,0.969971,2.229008,-0.106870,0.274809,0.000193,-0.000664,1.004415,0.781657,0.740842,-0.298502,43.509,4.426,4.479,-23.8532,-21.0092,33.6697,46.3035,-30.2138,-21.6780,38.6340,53.6227,144.341,137.925,0.706,0.807,142.692,26.520,100441.20,-140.162,1983,3587,4915,1604,2932
22.459,-0.011963,0.013184,0.962402,2.259542,-0.106870,0.335878,0.003738,-0.004268,0.996872,0.811671,0.740171,-0.237132,43.501,4.433,4.477,-23.6697,-21.1009,33.6697,46.2510,-29.9969,-21.7827,38.6391,53.5470,144.014,137.574,0.699,0.780,142.675,26.520,100441.03,-140.146,1987,3581,4900,1594,2913
22.592,-0.014160,0.011475,0.959961,2.244275,-0.106870,0.351145,0.001488,-0.005862,0.994449,0.797271,0.741290,-0.222367,43.515,4.442,4.483,-23.7615,-21.0092,33.5780,46.1895,-30.1078,-21.6779,38.5258,53.4850,144.246,137.820,0.694,0.784,142.678,26.530,100441.80,-140.215,1977,3575,4898,1598,2921
22.732,-0.022949,0.013672,0.968994,2.167939,-0.091603,0.366412,-0.007223,-0.003610,1.003452,0.720761,0.756333,-0.206999,43.512,4.447,4.505,-23.7615,-21.2844,33.6697,46.3819,-30.1067,-21.9950,38.6354,53.6926,143.849,137.418,0.675,0.843,142.656,26.530,100442.19,-140.247,1700,3324,4702,1624,3002
22.857,-0.014404,0.014404,0.961426,2.167939,-0.122137,0.320611,0.001330,-0.002956,0.995929,0.720415,0.725351,-0.252600,43.506,4.444,4.502,-23.6697,-21.0092,33.7615,46.2761,-29.9935,-21.6764,38.7506,53.5825,144.144,137.647,0.678,0.834,142.647,26.530,100441.86,-140.220,1952,3563,4878,1611,2926
22.988,-0.010742,0.010254,0.971191,2.229008,-0.061069,0.396947,0.004892,-0.007423,1.005536,0.781483,0.786420,-0.176264,43.506,4.447,4.508,-23.9450,-20.9174,33.5780,46.2426,-30.3247,-21.5731,38.5207,53.5615,144.572,138.146,0.681,0.825,142.677,26.530,100442.28,-140.252,1979,3570,4939,1591,2960
23.112,-0.011719,0.011963,0.968018,2.213740,-0.076336,0.396947,0.003958,-0.005617,1.002416,0.766043,0.770929,-0.176163,43.504,4.444,4.506,-23.8532,-21.1927,33.6697,46.3870,-30.2149,-21.8897,38.6331,53.7086,144.078,137.653,0.667,0.803,142.674,26.530,100441.95,-140.225,1991,3597,4897,1606,2906
23.239,-0.010498,0.015869,0.963867,2.274809,-0.106870,0.351145,0.005282,-0.001654,0.998341,0.827631,0.741066,-0.222266,43.512,4.457,4.503,-23.7615,-21.1009,33.5780,46.2313,-30.1084,-21.7838,38.5253,53.5280,144.114,137.674,0.695,0.771,142.670,26.530,100441.95,-140.225,1987,3581,4897,1594,2910
23.357,-0.015137,0.009521,0.970947,2.229008,-0.122137,0.381679,0.000476,-0.008026,1.005308,0.781483,0.725351,-0.191531,43.506,4.449,4.496,-23.6697,-21.0092,33.6697,46.2092,-29.9963,-21.6768,38.6396,53.5040,144.146,137.669,0.670,0.778,142.670,26.530,100442.12,-140.241,1983,3590,4915,1607,2932
23.479,-0.027832,0.013916,0.973145,2.229008,-0.015267,0.335878,-0.012092,-0.003317,1.007584,0.780790,0.831327,-0.236931,43.495,4.449,4.519,-23.7615,-21.0092,33.6697,46.2563,-30.1050,-21.6774,38.6368,53.5633,144.244,137.767,0.686,0.888,142.672,26.530,100441.95,-140.225,1991,3584,4918,1593,2927
23.612,-0.021973,0.012939,0.975342,2.229008,-0.106870,0.335878,-0.006256,-0.004508,1.009722,0.781137,0.740171,-0.237132,43.501,4.457,4.532,-23.7615,-21.0092,33.7615,46.3231,-30.1022,-21.6769,38.7478,53.6417,144.242,137.730,0.688,0.933,142.668,26.530,100441.95,-140.225,1985,3583,4901,1598,2916
23.745,-0.009521,0.011475,0.967285,2.183206,-0.045802,0.366412,0.006141,-0.006152,1.001676,0.735335,0.801240,-0.206597,43.501,4.457,4.539,-23.5780,-21.1009,33.6697,46.2041,-29.8881,-21.7821,38.6419,53.4880,143.916,137.398,0.652,0.873,142.645,26.530,100441.95,-140.225,1810,3410,4741,1600,2931
23.867,-0.005127,0.010986,0.966309,2.259542,-0.106870,0.320611,0.010520,-0.006744,1.000684,0.811844,0.740394,-0.252499,43.504,4.457,4.525,-23.7615,-21.0092,33.5780,46.1895,-30.1078,-21.6779,38.5258,53.4850,144.246,137.779,0.649,0.803,142.644,26.530,100442.12,-140.241,1954,3575,4883,1621,2929
23.998,-0.012695,0.011230,0.967773,2.244275,-0.030534,0.381679,0.002960,-0.006317,1.002172,0.796577,0.816730,-0.191431,43.504,4.463,4.536,-23.6697,-21.1009,33.6697,46.2510,-29.9969,-21.7827,38.6391,53.5470,144.014,137.510,0.638,0.796,142.639,26.530,100441.95,-140.225,1992,3580,4933,1588,2941
24.122,-0.024170,0.010010,0.973389,2.213740,-0.015267,0.305344,-0.008539,-0.007334,1.007771,0.765696,0.831550,-0.267566,43.498,4.458,4.555,-23.6697,-21.0092,33.6697,46.2092,-29.9963,-21.6768,38.6396,53.5040,144.146,137.621,0.625,0.878,142.633,26.530,100441.95,-140.225,1988,3598,4895,1610,2907
24.249,-0.017334,0.015137,0.975586,2.351145,-0.137405,0.381679,-0.001554,-0.002447,1.009963,0.903274,0.709637,-0.191330,43.501,4.479,4.555,-23.7615,-21.1009,33.5780,46.2313,-30.1084,-21.7838,38.5253,53.5280,144.114,137.621,0.664,0.884,142.634,26.530,100441.95,-140.225,1987,3581,4897,1594,2910
24.367,-0.025146,0.010498,0.978027,2.213740,-0.091603,0.381679,-0.009494,-0.006918,1.012371,0.766216,0.755885,-0.191531,43.506,4.470,4.562,-23.7615,-21.1009,33.5780,46.2313,-30.1084,-21.7838,38.5253,53.5280,144.114,137.622,0.647,0.946,142.632,26.530,100442.38,-140.262,1977,3582,4901,1605,2924
24.489,-0.019043,0.014893,0.978760,2.229008,-0.137405,0.396947,-0.003265,-0.002711,1.013110,0.781830,0.710532,-0.176465,43.512,4.471,4.559,-23.6697,-21.1009,33.4862,46.1176,-30.0025,-21.7837,38.4171,53.3905,144.018,137.532,0.657,0.950,142.625,26.530,100442.38,-140.262,1995,3589,4915,1594,2920
24.622,-0.014648,0.013428,0.963867,2.274809,-0.045802,0.366412,0.001062,-0.003979,0.998336,0.825725,0.799674,-0.205895,43.480,4.485,4.571,-23.5780,-21.0092,33.5780,46.0954,-29.8904,-21.6767,38.5314,53.3665,144.050,137.497,0.664,0.934,142.615,26.530,100442.21,-140.247,1990,3591,4917,1601,2927
24.755,-0.014404,0.008789,0.971680,2.290076,0.000000,0.290076,0.001189,-0.008795,1.006022,0.842379,0.847265,-0.283034,43.504,4.495,4.589,-23.8532,-21.1009,33.6697,46.3452,-30.2143,-21.7839,38.6335,53.6656,144.209,137.678,0.645,0.932,142.606,26.530,100441.21,-140.162,1805,3404,4739,1599,2934
24.877,-0.014893,0.015137,0.968750,2.213740,-0.076336,0.351145,0.000875,-0.002368,1.003186,0.764310,0.768693,-0.220962,43.474,4.494,4.588,-23.8532,-21.1927,33.4862,46.2540,-30.2205,-21.8907,38.4110,53.5526,144.082,137.603,0.660,0.920,142.601,26.540,100441.47,-140.183,1953,3575,4886,1622,2933
25.008,-0.020752,0.016846,0.970947,2.213740,-0.091603,0.381679,-0.004933,-0.000540,1.005405,0.765176,0.754544,-0.190929,43.489,4.501,4.599,-23.7615,-21.1927,33.5780,46.2733,-30.1090,-21.8896,38.5248,53.5712,143.982,137.454,0.683,0.946,142.592,26.540,100441.41,-140.178,1991,3580,4932,1589,2941
25.132,-0.023926,0.013916,0.971680,2.106870,-0.091603,0.320611,-0.008188,-0.003396,1.006116,0.658133,0.754320,-0.251898,43.486,4.487,4.607,-23.6697,-21.0092,33.6697,46.2092,-29.9963,-21.6768,38.6396,53.5040,144.146,137.562,0.675,0.995,142.583,26.540,100441.23,-140.167,1986,3593,4891,1607,2905
25.257,-0.027344,0.007324,0.974609,2.274809,-0.045802,0.412214,-0.011787,-0.009957,1.008968,0.825552,0.799451,-0.159994,43.477,4.488,4.627,-23.6697,-21.0092,33.6697,46.2092,-29.9963,-21.6768,38.6396,53.5040,144.146,137.548,0.641,1.069,142.584,26.540,100441.49,-140.188,1986,3583,4900,1597,2914
25.382,-0.029297,0.013916,0.965576,2.274809,-0.030534,0.320611,-0.013571,-0.003112,1.000101,0.826418,0.815836,-0.252098,43.492,4.496,4.650,-23.6697,-21.0092,33.6697,46.2092,-29.9963,-21.6768,38.6396,53.5040,144.146,137.525,0.659,1.148,142.573,26.540,100441.92,-140.225,1982,3595,4925,1613,2943
25.509,-0.014160,0.010498,0.963135,2.213740,0.015267,0.320611,0.001467,-0.006908,0.997581,0.764657,0.860743,-0.251697,43.480,4.492,4.662,-23.7615,-20.9174,33.6697,46.2147,-30.1045,-21.5715,38.6373,53.5205,144.376,137.755,0.649,1.122,142.572,26.540,100441.75,-140.210,1990,3585,4901,1595,2911
25.642,-0.007568,0.015625,0.965576,2.229008,-0.076336,0.396947,0.008208,-0.002019,1.000016,0.779578,0.768693,-0.175161,43.474,4.502,4.660,-23.8532,-20.9174,33.7615,46.3287,-30.2104,-21.5716,38.7455,53.6583,144.471,137.841,0.685,1.039,142.590,26.540,100441.59,-140.194,1988,3591,4912,1603,2924
25.775,-0.011719,0.012451,0.959229,2.198473,-0.076336,0.412214,0.003956,-0.004939,0.993723,0.748870,0.768470,-0.159794,43.471,4.504,4.662,-23.5780,-21.1927,33.6697,46.2461,-29.8887,-21.8880,38.6415,53.5311,143.784,137.155,0.654,0.971,142.566,26.550,100441.31,-140.173,1813,3399,4724,1586,2911
25.897,-0.017334,0.009766,0.969971,2.274809,-0.076336,0.290076,-0.001716,-0.007698,1.004354,0.825725,0.769140,-0.282231,43.480,4.504,4.663,-23.6697,-21.0092,33.4862,46.0757,-30.0019,-21.6778,38.4175,53.3474,144.150,137.554,0.642,0.975,142.556,26.550,100441.48,-140.188,1965,3584,4881,1619,2916
26.028,-0.019775,0.015625,0.959961,2.198473,-0.091603,0.366412,-0.004010,-0.001551,0.994516,0.749389,0.753873,-0.205895,43.480,4.508,4.671,-23.8532,-21.1009,33.5780,46.2786,-30.2171,-21.7843,38.5225,53.5875,144.211,137.631,0.671,0.997,142.561,26.550,100441.48,-140.188,1989,3579,4928,1590,2939
26.152,-0.029541,0.007324,0.975586,2.198473,-0.106870,0.381679,-0.013983,-0.009916,1.009944,0.749909,0.739276,-0.190929,43.489,4.498,4.683,-23.9450,-21.1009,33.6697,46.3925,-30.3231,-21.7844,38.6308,53.7251,144.306,137.722,0.639,1.085,142.570,26.550,100441.82,-140.215,1990,3593,4889,1603,2899
26.277,-0.021973,0.009277,0.975098,2.152672,-0.076336,0.351145,-0.006360,-0.008166,1.009445,0.704454,0.770258,-0.221664,43.495,4.485,4.691,-23.6697,-21.1009,33.6697,46.2510,-29.9969,-21.7827,38.6391,53.5470,144.014,137.382,0.600,1.100,142.554,26.550,100441.98,-140.231,1986,3581,4894,1595,2908
26.402,-0.022705,0.015381,0.979980,2.259542,-0.122137,0.396947,-0.006911,-0.002145,1.014340,0.810112,0.722892,-0.175161,43.474,4.492,4.694,-23.7615,-21.0092,33.6697,46.2563,-30.1050,-21.6774,38.6368,53.5633,144.244,137.611,0.636,1.121,142.562,26.550,100442.32,-140.257,1978,3591,4923,1613,2945
26.529,-0.001953,0.011475,0.959961,2.229008,-0.030534,0.396947,0.013696,-0.006208,0.994392,0.780790,0.816060,-0.175863,43.495,4.492,4.685,-23.8532,-20.9174,33.5780,46.1952,-30.2160,-21.5726,38.5235,53.5018,144.475,137.874,0.643,1.009,142.580,26.540,100442.09,-140.236,1992,3596,4914,1604,2922
26.666,-0.011475,0.015625,0.963623,2.152672,0.000000,0.335878,0.004298,-0.001866,0.998101,0.703415,0.845253,-0.236330,43.477,4.495,4.701,-23.6697,-21.1927,33.6697,46.2929,-29.9974,-21.8886,38.6387,53.5901,143.882,137.249,0.643,0.959,142.556,26.540,100442.09,-140.236,1985,3589,4918,1604,2933
26.799,-0.018066,0.015137,0.966553,2.244275,-0.137405,0.335878,-0.002303,-0.002231,1.001027,0.794672,0.707401,-0.236129,43.471,4.506,4.701,-23.6697,-21.1009,33.6697,46.2510,-29.9969,-21.7827,38.6391,53.5470,144.014,137.361,0.663,0.956,142.545,26.540,100441.75,-140.210,1804,3412,4746,1608,2942
26.948,-0.024658,0.010254,0.970947,2.167939,-0.122137,0.351145,-0.009025,-0.007023,1.005359,0.718682,0.723115,-0.221063,43.477,4.513,4.723,-23.8532,-21.0092,33.6697,46.3035,-30.2138,-21.6780,38.6340,53.6227,144.341,137.689,0.650,1.028,142.557,26.550,100441.66,-140.199,1981,3587,4958,1606,2977
27.072,-0.020996,0.014160,0.974854,2.213740,-0.076336,0.320611,-0.005246,-0.003304,1.009246,0.764483,0.768917,-0.251597,43.477,4.511,4.728,-23.8532,-21.1927,33.6697,46.3870,-30.2149,-21.8897,38.6331,53.7086,144.078,137.446,0.657,1.046,142.546,26.550,100441.66,-140.199,1997,3604,4901,1607,2904
27.197,-0.015625,0.010010,0.972412,2.259542,-0.076336,0.335878,0.000004,-0.007555,1.006764,0.810458,0.769140,-0.236430,43.480,4.512,4.728,-23.7615,-21.1009,33.6697,46.2980,-30.1056,-21.7833,38.6363,53.6062,144.112,137.451,0.640,1.025,142.537,26.550,100442.25,-140.252,1988,3582,4902,1594,2914
27.322,-0.003418,0.011475,0.961914,2.259542,-0.091603,0.335878,0.012235,-0.006209,0.996332,0.809766,0.752980,-0.236029,43.468,4.514,4.712,-23.6697,-21.1927,33.5780,46.2262,-30.0002,-21.8891,38.5276,53.5119,143.884,137.249,0.625,0.911,142.516,26.550,100442.25,-140.252,1982,3588,4915,1606,2933
27.449,-0.014160,0.015869,0.968994,2.198473,-0.045802,0.335878,0.001629,-0.001661,1.003432,0.749563,0.799898,-0.236530,43.483,4.515,4.715,-23.8532,-21.1009,33.6697,46.3452,-30.2143,-21.7839,38.6335,53.6656,144.209,137.574,0.659,0.908,142.523,26.550,100442.67,-140.289,1982,3574,4894,1592,2912
27.582,-0.008545,0.010986,0.964355,2.320611,-0.091603,0.351145,0.007098,-0.006605,0.998767,0.871008,0.753203,-0.220862,43.471,4.531,4.711,-23.7615,-21.1009,33.7615,46.3648,-30.1028,-21.7828,38.7474,53.6845,144.110,137.429,0.661,0.853,142.523,26.550,100442.94,-140.310,1981,3584,4907,1603,2926
27.713,-0.022461,0.007080,0.972656,2.213740,-0.091603,0.305344,-0.006914,-0.010297,1.007010,0.764657,0.753873,-0.266964,43.480,4.526,4.721,-23.6697,-21.1009,33.6697,46.2510,-29.9969,-21.7827,38.6391,53.5470,144.014,137.332,0.619,0.908,142.512,26.560,100443.37,-140.347,1990,3590,4907,1600,2917
27.837,-0.020752,0.013184,0.972656,2.274809,-0.030534,0.366412,-0.005033,-0.004240,1.007061,0.826245,0.815612,-0.206196,43.489,4.532,4.731,-23.7615,-21.0092,33.6697,46.2563,-30.1050,-21.6774,38.6368,53.5633,144.244,137.556,0.646,0.957,142.525,26.560,100442.86,-140.305,1857,3439,4774,1582,2917
27.968,-0.026123,0.015625,0.968506,2.305344,-0.045802,0.351145,-0.010343,-0.001556,1.003002,0.856780,0.800345,-0.221463,43.489,4.549,4.751,-23.7615,-21.1009,33.6697,46.2980,-30.1056,-21.7833,38.6363,53.6062,144.112,137.408,0.685,1.032,142.524,26.560,100442.86,-140.305,1977,3575,4927,1598,2950
28.092,-0.015869,0.012939,0.971191,2.305344,-0.106870,0.396947,-0.000159,-0.004591,1.005586,0.856953,0.739500,-0.175762,43.492,4.557,4.746,-23.6697,-21.1009,33.6697,46.2510,-29.9969,-21.7827,38.6391,53.5470,144.014,137.292,0.687,1.007,142.517,26.560,100443.03,-140.315,1990,3598,4889,1608,2899
28.217,-0.018311,0.008545,0.969971,2.290076,0.000000,0.351145,-0.002727,-0.008892,1.004347,0.840819,0.845253,-0.221063,43.477,4.559,4.758,-23.5780,-21.1009,33.6697,46.2041,-29.8881,-21.7821,38.6419,53.4880,143.916,137.166,0.652,1.014,142.500,26.560,100442.53,-140.273,1988,3587,4900,1599,2912
28.342,-0.018066,0.016846,0.960693,2.274809,-0.122137,0.381679,-0.002265,-0.000394,0.995245,0.825379,0.722892,-0.190428,43.474,4.568,4.754,-23.8532,-20.9174,33.6697,46.2619,-30.2132,-21.5721,38.6345,53.5800,144.473,137.748,0.710,1.024,142.523,26.560,100442.53,-140.273,1985,3602,4920,1617,2935
28.469,-0.009766,0.012207,0.956299,2.229008,-0.076336,0.396947,0.005897,-0.005175,0.990812,0.780617,0.770034,-0.175762,43.492,4.568,4.748,-23.8532,-21.1009,33.7615,46.4119,-30.2115,-21.7834,38.7446,53.7438,144.207,137.490,0.704,0.967,142.528,26.560,100442.20,-140.247,1981,3576,4896,1595,2915
28.602,-0.025146,0.013428,0.972412,2.152672,-0.137405,0.320611,-0.009421,-0.003866,1.006842,0.703761,0.708295,-0.251797,43.483,4.564,4.756,-23.6697,-21.1927,33.6697,46.2929,-29.9974,-21.8886,38.6387,53.5901,143.882,137.160,0.682,1.011,142.504,26.560,100442.20,-140.247,1986,3582,4899,1596,2913
28.740,-0.021973,0.010498,0.973145,2.213740,-0.137405,0.427481,-0.006329,-0.006903,1.007524,0.764483,0.707848,-0.144727,43.477,4.568,4.764,-23.7615,-20.9174,33.6697,46.2147,-30.1045,-21.5715,38.6373,53.5205,144.376,137.627,0.676,1.047,142.527,26.550,100441.77,-140.210,1820,3421,4765,1601,2945
28.857,-0.026611,0.011963,0.971924,2.274809,-0.106870,0.381679,-0.010929,-0.005279,1.006351,0.825725,0.738606,-0.190628,43.480,4.566,4.766,-23.8532,-21.1009,33.6697,46.3452,-30.2143,-21.7839,38.6335,53.6656,144.209,137.501,0.680,1.101,142.530,26.550,100441.94,-140.225,1952,3565,4867,1613,2915
28.988,-0.015625,0.009033,0.970215,2.213740,-0.122137,0.381679,-0.000027,-0.008485,1.004580,0.765003,0.723786,-0.190829,43.486,4.563,4.764,-23.7615,-20.9174,33.6697,46.2147,-30.1045,-21.5715,38.6373,53.5205,144.376,137.631,0.658,1.075,142.540,26.550,100441.77,-140.210,1984,3574,4927,1590,2943
29.112,-0.010254,0.009521,0.966309,2.244275,0.000000,0.366412,0.005351,-0.008064,1.000694,0.795191,0.845476,-0.205895,43.480,4.559,4.764,-23.7615,-21.0092,33.5780,46.1895,-30.1078,-21.6779,38.5258,53.4850,144.246,137.535,0.642,1.028,142.542,26.550,100441.34,-140.173,1987,3597,4902,1610,2915
29.237,-0.007812,0.012207,0.970215,2.213740,-0.137405,0.305344,0.007876,-0.005531,1.004574,0.764483,0.707848,-0.266864,43.477,4.555,4.747,-23.8532,-20.9174,33.6697,46.2619,-30.2132,-21.5721,38.6345,53.5800,144.473,137.763,0.655,0.960,142.553,26.550,100441.17,-140.162,1990,3590,4908,1600,2918
29.362,-0.012695,0.012939,0.963623,2.198473,-0.137405,0.366412,0.003001,-0.004518,0.998081,0.749043,0.707625,-0.205695,43.474,4.551,4.736,-23.6697,-21.2844,33.5780,46.2684,-30.0008,-21.9949,38.5272,53.5553,143.753,137.087,0.637,0.910,142.530,26.550,100441.34,-140.173,1982,3594,4924,1612,2942
29.489,-0.027588,0.013916,0.979004,2.213740,-0.122137,0.366412,-0.011837,-0.003451,1.013382,0.764310,0.722892,-0.205695,43.474,4.550,4.744,-23.7615,-21.0092,33.4862,46.1229,-30.1106,-21.6783,38.4147,53.4069,144.248,137.578,0.659,0.995,142.542,26.550,100441.01,-140.146,1987,3579,4900,1592,2913
29.622,-0.020264,0.009033,0.968750,2.259542,-0.167939,0.320611,-0.004669,-0.008321,1.003152,0.809766,0.676644,-0.251296,43.468,4.556,4.743,-23.9450,-21.1009,33.5780,46.3259,-30.3259,-21.7849,38.5197,53.6471,144.308,137.660,0.648,1.013,142.546,26.550,100441.17,-140.162,1989,3593,4917,1604,2928
29.755,-0.012939,0.015625,0.975098,2.274809,-0.106870,0.412214,0.002854,-0.002072,1.009464,0.825033,0.737712,-0.159693,43.468,4.570,4.741,-23.7615,-21.1927,33.6697,46.3399,-30.1062,-21.8892,38.6359,53.6493,143.980,137.282,0.669,0.966,142.541,26.550,100441.44,-140.183,1805,3401,4735,1596,2930
29.877,-0.008301,0.012451,0.962402,2.183206,-0.106870,0.320611,0.007380,-0.005104,0.996848,0.734122,0.738606,-0.251697,43.480,4.560,4.726,-23.6697,-20.8257,33.6697,46.1261,-29.9952,-21.4651,38.6405,53.4186,144.412,137.667,0.675,0.912,142.550,26.550,100441.27,-140.167,1953,3570,4879,1617,2926
30.008,-0.012207,0.010498,0.958496,2.167939,-0.045802,0.366412,0.003411,-0.006863,0.992981,0.718682,0.799451,-0.205795,43.477,4.554,4.730,-23.7615,-21.0092,33.6697,46.2563,-30.1050,-21.6774,38.6368,53.5633,144.244,137.541,0.658,0.894,142.558,26.550,100441.44,-140.183,1984,3577,4927,1593,2943
30.132,-0.011719,0.012451,0.969727,2.244275,-0.030534,0.381679,0.003975,-0.005166,1.004112,0.794845,0.814495,-0.190428,43.474,4.553,4.729,-23.8532,-21.1009,33.6697,46.3452,-30.2143,-21.7839,38.6335,53.6656,144.209,137.536,0.665,0.877,142.566,26.560,100441.86,-140.220,1987,3597,4898,1610,2911
30.257,-0.018555,0.009033,0.970703,2.244275,-0.076336,0.351145,-0.002956,-0.008412,1.005077,0.794152,0.767800,-0.220562,43.462,4.550,4.733,-23.7615,-21.1009,33.6697,46.2980,-30.1056,-21.7833,38.6363,53.6062,144.112,137.421,0.643,0.902,142.565,26.560,100441.53,-140.188,1987,3582,4898,1595,2911
30.382,-0.019287,0.012451,0.966553,2.137405,-0.030534,0.366412,-0.003600,-0.004882,1.001006,0.687455,0.813825,-0.205395,43.465,4.538,4.742,-23.6697,-21.0092,33.6697,46.2092,-29.9963,-21.6768,38.6396,53.5040,144.146,137.429,0.637,0.935,142.567,26.560,100441.70,-140.204,1984,3597,4923,1613,2939
30.509,-0.024170,0.011963,0.967773,2.259542,-0.106870,0.366412,-0.008494,-0.005259,1.002233,0.809939,0.737936,-0.205595,43.471,4.541,4.748,-23.7615,-20.9174,33.5780,46.1479,-30.1072,-21.5720,38.5262,53.4422,144.378,137.680,0.656,0.999,142.583,26.560,100441.53,-140.188,1986,3580,4897,1594,2911
30.642,-0.022217,0.010986,0.971191,2.259542,-0.106870,0.427481,-0.006563,-0.006365,1.005597,0.810458,0.738606,-0.144827,43.480,4.549,4.757,-23.8532,-21.1927,33.5780,46.3205,-30.2177,-21.8902,38.5220,53.6306,144.080,137.421,0.646,1.028,142.584,26.560,100442.20,-140.247,1987,3594,4947,1607,2960
30.775,-0.024658,0.009033,0.974365,2.183206,-0.122137,0.442748,-0.009054,-0.008318,1.008730,0.732911,0.721775,-0.128859,43.459,4.544,4.767,-23.7615,-21.1927,33.6697,46.3399,-30.1062,-21.8892,38.6359,53.6493,143.980,137.281,0.606,1.064,142.579,26.550,100441.94,-140.225,1816,3402,4723,1586,2907
30.897,-0.013916,0.008545,0.970215,2.167939,-0.030534,0.335878,0.001668,-0.009022,1.004568,0.718509,0.814495,-0.236230,43.474,4.529,4.767,-23.8532,-21.1009,33.6697,46.3452,-30.2143,-21.7839,38.6335,53.6656,144.209,137.526,0.579,1.040,142.576,26.550,100441.94,-140.225,1967,3581,4889,1614,2922
31.028,-0.002441,0.015381,0.959229,2.244275,-0.091603,0.366412,0.013317,-0.002271,0.993708,0.794672,0.753203,-0.205595,43.471,4.538,4.753,-23.8532,-20.9174,33.6697,46.2619,-30.2132,-21.5721,38.6345,53.5800,144.473,137.771,0.629,0.932,142.597,26.550,100441.67,-140.204,1978,3571,4927,1593,2949
31.152,-0.005859,0.016357,0.970215,2.183206,-0.122137,0.442748,0.009946,-0.001435,1.004606,0.732738,0.721552,-0.128759,43.456,4.534,4.734,-23.7615,-21.0092,33.5780,46.1895,-30.1078,-21.6779,38.5258,53.4850,144.246,137.575,0.659,0.857,142.613,26.550,100441.50,-140.188,1988,3590,4895,1602,2907
31.277,0.001953,0.010986,0.966309,2.167939,0.000000,0.335878,0.017601,-0.006945,1.000651,0.718163,0.844583,-0.236029,43.468,4.524,4.723,-23.7615,-21.1009,33.7615,46.3648,-30.1028,-21.7828,38.7474,53.6845,144.110,137.425,0.636,0.745,142.607,26.550,100441.34,-140.173,1996,3593,4895,1597,2899
31.402,-0.004395,0.018066,0.949463,2.320611,0.030534,0.427481,0.011422,0.000682,0.984078,0.870315,0.874447,-0.144126,43.459,4.541,4.722,-23.8532,-21.1009,33.4862,46.2120,-30.2199,-21.7848,38.4115,53.5095,144.213,137.594,0.701,0.701,142.627,26.550,100441.17,-140.162,1984,3584,4906,1600,2922
31.529,0.002441,0.012939,0.958008,2.274809,-0.015267,0.366412,0.018129,-0.004825,0.992453,0.825033,0.829315,-0.205495,43.468,4.547,4.710,-23.6697,-21.1009,33.6697,46.2510,-29.9969,-21.7827,38.6391,53.5470,144.014,137.326,0.700,0.600,142.623,26.550,100441.01,-140.146,1986,3585,4905,1599,2919
31.666,-0.009033,0.011719,0.964355,2.274809,-0.061069,0.351145,0.006631,-0.005858,0.998777,0.825725,0.784407,-0.221163,43.480,4.560,4.713,-23.8532,-21.1927,33.6697,46.3870,-30.2149,-21.8897,38.6331,53.7086,144.078,137.423,0.698,0.594,142.626,26.550,100441.09,-140.151,1982,3584,4909,1602,2927
31.791,-0.018799,0.013916,0.966309,2.229008,-0.091603,0.320611,-0.003070,-0.003426,1.000777,0.779405,0.753203,-0.251397,43.471,4.560,4.715,-23.7615,-20.9174,33.5780,46.1479,-30.1072,-21.5720,38.5262,53.4422,144.378,137.690,0.724,0.666,142.644,26.560,100441.20,-140.162,1804,3399,4710,1595,2906
31.917,-0.021240,0.009521,0.975342,2.274809,-0.045802,0.351145,-0.005620,-0.007948,1.009685,0.824167,0.797665,-0.220262,43.454,4.562,4.726,-23.6697,-21.1927,33.6697,46.2929,-29.9974,-21.8886,38.6387,53.5901,143.882,137.183,0.690,0.732,142.629,26.560,100440.70,-140.120,1968,3632,4966,1664,2998
32.048,-0.019287,0.011230,0.967041,2.259542,-0.061069,0.351145,-0.003633,-0.006114,1.001478,0.810632,0.784631,-0.221263,43.483,4.568,4.736,-23.7615,-21.1009,33.6697,46.2980,-30.1056,-21.7833,38.6363,53.6062,144.112,137.406,0.684,0.784,142.628,26.560,100440.86,-140.136,1979,3579,4931,1600,2952
32.172,-0.016846,0.011963,0.967773,2.229008,-0.076336,0.366412,-0.001170,-0.005467,1.002198,0.778885,0.767800,-0.205294,43.462,4.564,4.735,-23.7615,-21.1009,33.6697,46.2980,-30.1056,-21.7833,38.6363,53.6062,144.112,137.409,0.678,0.807,142.628,26.560,100441.12,-140.157,1985,3589,4903,1604,2918
32.299,0.157715,0.042236,1.030029,2.244275,-0.167939,0.366412,0.174372,0.018521,1.063285,0.795018,0.677314,-0.205795,43.477,4.593,4.539,-23.6697,-21.1009,33.6697,46.2510,-29.9969,-21.7827,38.6391,53.5470,144.014,137.417,0.836,-0.381,142.621,26.560,100441.12,-140.157,1988,3585,4896,1597,2908
32.417,0.001221,0.017822,0.956055,2.213740,-0.015267,0.305344,0.017043,0.000136,0.990573,0.763791,0.829092,-0.266463,43.465,4.589,4.525,-23.5780,-20.9174,33.6697,46.1206,-29.8870,-21.5704,38.6429,53.4021,144.181,137.556,0.880,-0.315,142.654,26.560,100441.39,-140.178,1974,3609,4938,1635,2964
32.539,0.024170,0.001953,0.945312,2.290076,-0.015267,0.381679,0.039527,-0.016157,0.979681,0.840473,0.829539,-0.190328,43.471,4.579,4.487,-23.7615,-21.0092,33.5780,46.1895,-30.1078,-21.6779,38.5258,53.4850,144.246,137.720,0.812,-0.418,142.697,26.560,100441.22,-140.162,1982,3582,4914,1600,2932
32.676,-0.016602,0.010742,0.967773,2.335878,-0.076336,0.396947,-0.000960,-0.006695,1.002185,0.885929,0.768023,-0.174860,43.465,4.599,4.501,-23.8532,-20.8257,33.6697,46.2205,-30.2126,-21.4662,38.6349,53.5375,144.606,138.029,0.851,-0.187,142.775,26.560,100440.78,-140.125,1977,3581,4900,1604,2923
32.801,-0.005127,0.015381,0.963135,2.167939,-0.137405,0.274809,0.010638,-0.002279,0.997586,0.718509,0.707625,-0.297298,43.474,4.592,4.486,-23.6697,-21.1927,33.7615,46.3597,-29.9946,-21.8881,38.7497,53.6685,143.880,137.314,0.844,-0.132,142.771,26.570,100440.88,-140.136,1796,3390,4714,1594,2918
32.938,-0.008789,0.013672,0.965088,2.137405,-0.045802,0.320611,0.006931,-0.003927,0.999519,0.688321,0.799674,-0.251697,43.480,4.588,4.496,-23.7615,-20.9174,33.5780,46.1479,-30.1072,-21.5720,38.5262,53.4422,144.378,137.828,0.846,-0.018,142.804,26.570,100440.97,-140.141,1984,3586,4945,1602,2961
33.062,0.001465,0.013428,0.956543,2.244275,-0.091603,0.381679,0.017164,-0.004278,0.991013,0.796057,0.754991,-0.191130,43.495,4.588,4.477,-23.8532,-21.0092,33.6697,46.3035,-30.2138,-21.6780,38.6340,53.6227,144.341,137.813,0.851,-0.013,142.833,26.570,100441.06,-140.151,1986,3590,4907,1604,2921
33.187,-0.008057,0.009521,0.975342,2.213740,-0.137405,0.366412,0.007565,-0.008322,1.009623,0.764830,0.708295,-0.205996,43.483,4.581,4.466,-23.7615,-21.1009,33.6697,46.2980,-30.1056,-21.7833,38.6363,53.6062,144.112,137.591,0.810,0.046,142.844,26.580,100441.33,-140.173,1981,3571,4889,1590,2908
33.312,-0.033936,0.010498,0.972900,2.274809,-0.045802,0.335878,-0.018293,-0.006558,1.007338,0.825725,0.799674,-0.236430,43.480,4.583,4.496,-23.7615,-21.1009,33.5780,46.2313,-30.1084,-21.7838,38.5253,53.5280,144.114,137.591,0.794,0.292,142.851,26.580,100440.92,-140.141,1984,3590,4915,1606,2931
33.439,-0.020996,0.016113,0.972412,2.259542,-0.122137,0.381679,-0.005195,-0.001297,1.006849,0.810632,0.723562,-0.190728,43.483,4.590,4.501,-23.7615,-20.9174,33.5780,46.1479,-30.1072,-21.5720,38.5262,53.4422,144.378,137.822,0.821,0.410,142.870,26.580,100440.42,-140.099,1987,3576,4899,1589,2912
33.572,-0.023682,0.012695,0.971436,2.229008,-0.122137,0.335878,-0.007979,-0.004619,1.005862,0.779231,0.722445,-0.236029,43.468,4.595,4.515,-23.7615,-20.9174,33.5780,46.1479,-30.1072,-21.5720,38.5262,53.4422,144.378,137.810,0.811,0.536,142.876,26.580,100440.34,-140.088,1979,3578,4906,1599,2927
33.703,-0.020508,0.010498,0.972168,2.229008,-0.045802,0.320611,-0.004865,-0.006923,1.006550,0.779751,0.799451,-0.251597,43.477,4.595,4.533,-23.7615,-21.1927,33.5780,46.2733,-30.1090,-21.8896,38.5248,53.5712,143.982,137.436,0.760,0.611,142.850,26.580,100440.58,-140.109,1982,3581,4903,1599,2921
33.827,-0.022705,0.009033,0.971191,2.122137,-0.091603,0.381679,-0.007106,-0.008305,1.005580,0.673746,0.754767,-0.191030,43.492,4.576,4.542,-23.6697,-21.1009,33.5780,46.1843,-29.9997,-21.7832,38.5281,53.4687,144.016,137.448,0.698,0.685,142.835,26.580,100440.58,-140.109,1840,3403,4744,1563,2904
33.958,-0.024658,0.013184,0.973877,2.167939,-0.106870,0.320611,-0.008937,-0.004156,1.008287,0.719375,0.739276,-0.251998,43.489,4.572,4.556,-23.8532,-20.8257,33.5780,46.1537,-30.2154,-21.4667,38.5239,53.4592,144.608,138.031,0.710,0.790,142.850,26.580,100440.23,-140.083,1987,3583,4929,1596,2942
34.082,-0.014404,0.010986,0.962646,2.213740,-0.045802,0.259542,0.001235,-0.006402,0.997104,0.765003,0.800121,-0.312966,43.486,4.566,4.560,-23.7615,-21.1009,33.6697,46.2980,-30.1056,-21.7833,38.6363,53.6062,144.112,137.535,0.680,0.789,142.822,26.580,100440.23,-140.083,1989,3601,4897,1612,2908
34.207,-0.006836,0.013184,0.971924,2.305344,-0.091603,0.396947,0.008883,-0.004619,1.006271,0.856260,0.753873,-0.175361,43.480,4.575,4.552,-23.6697,-20.8257,33.6697,46.1261,-29.9952,-21.4651,38.6405,53.4186,144.412,137.783,0.695,0.741,142.831,26.580,100440.08,-140.067,1982,3575,4896,1593,2914
34.332,-0.018311,0.014893,0.971436,2.198473,-0.030534,0.381679,-0.002545,-0.002573,1.005858,0.749563,0.815165,-0.190728,43.483,4.572,4.564,-23.7615,-20.9174,33.6697,46.2147,-30.1045,-21.5715,38.6373,53.5205,144.376,137.769,0.709,0.788,142.837,26.580,100440.41,-140.093,1992,3603,4920,1611,2928
34.459,-0.010742,0.013428,0.971680,2.198473,-0.106870,0.396947,0.004983,-0.004259,1.006050,0.749216,0.738383,-0.175261,43.477,4.568,4.558,-23.7615,-21.1927,33.4862,46.2068,-30.1118,-21.8901,38.4138,53.4931,143.984,137.458,0.687,0.749,142.819,26.580,100440.02,-140.062,1976,3573,4896,1597,2920
34.592,-0.005615,0.015625,0.966553,2.198473,-0.076336,0.412214,0.010163,-0.002095,1.000973,0.749216,0.768917,-0.159994,43.477,4.573,4.556,-23.7615,-21.1009,33.6697,46.2980,-30.1056,-21.7833,38.6363,53.6062,144.112,137.533,0.692,0.685,142.814,26.580,100440.34,-140.088,1983,3577,4900,1594,2917
34.725,0.000977,0.007812,0.958496,2.274809,-0.076336,0.351145,0.016520,-0.009923,0.992893,0.826072,0.769587,-0.221363,43.486,4.583,4.551,-23.7615,-21.0092,33.7615,46.3231,-30.1022,-21.6769,38.7478,53.6417,144.242,137.628,0.654,0.582,142.811,26.580,100440.52,-140.104,8039,9647,11008,1608,2969
34.857,-0.000732,0.010742,0.959717,2.213740,-0.106870,0.320611,0.014896,-0.006970,0.994138,0.765696,0.739947,-0.252299,43.498,4.577,4.534,-23.8532,-21.1009,33.6697,46.3452,-30.2143,-21.7839,38.6335,53.6656,144.209,137.659,0.642,0.513,142.809,26.580,100441.24,-140.167,1956,3569,4877,1613,2921
34.988,0.000732,0.010254,0.965820,2.137405,-0.076336,0.274809,0.016358,-0.007632,1.000167,0.688841,0.769811,-0.297799,43.489,4.565,4.523,-23.6697,-21.1927,33.6697,46.2929,-29.9974,-21.8886,38.6387,53.5901,143.882,137.327,0.602,0.433,142.784,26.580,100441.58,-140.194,1976,3571,4927,1595,2951
35.112,-0.011475,0.020752,0.963867,2.122137,-0.106870,0.381679,0.004443,0.003258,0.998393,0.673227,0.738829,-0.190728,43.483,4.559,4.517,-23.7615,-21.0092,33.6697,46.2563,-30.1050,-21.6774,38.6368,53.5633,144.244,137.690,0.668,0.465,142.802,26.580,100441.91,-140.220,1993,3601,4900,1608,2907
35.237,-0.012207,0.011719,0.968750,2.229008,-0.076336,0.412214,0.003464,-0.005863,1.003141,0.779751,0.768917,-0.159994,43.477,4.557,4.517,-23.7615,-21.0092,33.5780,46.1895,-30.1078,-21.6779,38.5258,53.4850,144.246,137.713,0.670,0.501,142.819,26.580,100441.74,-140.210,1991,3586,4907,1595,2916
35.362,-0.004639,0.012939,0.949951,2.244275,-0.091603,0.274809,0.011034,-0.004451,0.984513,0.795884,0.754767,-0.297900,43.492,4.558,4.507,-23.8532,-21.1009,33.6697,46.3452,-30.2143,-21.7839,38.6335,53.6656,144.209,137.692,0.679,0.473,142.814,26.580,100441.74,-140.210,1982,3595,4920,1613,2938
35.489,-0.013428,0.016846,0.958496,2.198473,-0.167939,0.366412,0.002370,-0.000478,0.993048,0.749563,0.677761,-0.205996,43.483,4.560,4.498,-23.7615,-21.0092,33.7615,46.3231,-30.1022,-21.6769,38.7478,53.6417,144.242,137.682,0.713,0.503,142.822,26.580,100441.58,-140.194,1991,3588,4911,1597,2920
35.622,-0.014648,0.008545,0.961182,2.198473,-0.030534,0.396947,0.000920,-0.008806,0.995631,0.749563,0.815165,-0.175461,43.483,4.556,4.513,-23.7615,-21.0092,33.5780,46.1895,-30.1078,-21.6779,38.5258,53.4850,144.246,137.717,0.678,0.559,142.832,26.580,100441.74,-140.210,1991,3589,4906,1598,2915
35.755,-0.155762,-0.004639,1.054199,4.290076,2.213740,0.335878,-0.140411,-0.020003,1.088219,2.839954,3.057876,-0.235829,43.462,4.815,4.969,-23.7615,-20.8257,33.5780,46.1064,-30.1067,-21.4661,38.5267,53.3996,144.511,137.449,0.869,1.899,142.855,26.580,100441.02,-140.146,1813,3400,4751,1587,2938
35.877,-0.081299,0.003906,1.045654,2.183206,-0.122137,0.381679,-0.065716,-0.013382,1.079497,0.735682,0.725351,-0.191531,43.506,4.792,5.026,-23.6697,-21.1927,33.6697,46.2929,-29.9974,-21.8886,38.6387,53.5901,143.882,136.805,0.722,2.147,142.774,26.580,100441.02,-140.146,1951,3569,4888,1618,2937
36.008,0.010254,0.015625,0.954102,2.198473,-0.183206,0.381679,0.026011,-0.002276,0.988577,0.749389,0.662270,-0.190628,43.480,4.790,4.980,-23.4862,-21.1927,33.6697,46.1994,-29.7800,-21.8875,38.6443,53.4723,143.685,136.607,0.652,1.713,142.680,26.580,100441.08,-140.151,1989,3579,4933,1590,2944
36.132,-0.018311,0.012939,0.969727,2.274809,-0.061069,0.305344,-0.002603,-0.004490,1.004148,0.827285,0.786420,-0.267867,43.506,4.789,4.979,-23.7615,-21.2844,33.5780,46.3154,-30.1095,-21.9955,38.5244,53.6145,143.851,136.861,0.619,1.600,142.618,26.580,100440.91,-140.136,1991,3599,4896,1608,2905
36.257,-0.004883,0.010742,0.968506,2.274809,-0.137405,0.412214,0.010761,-0.007043,1.002855,0.826072,0.708518,-0.160294,43.486,4.787,4.954,-23.4862,-21.1927,33.7615,46.2663,-29.7772,-21.8870,38.7553,53.5508,143.683,136.605,0.570,1.393,142.567,26.580,100440.73,-140.125,1987,3582,4894,1595,2907
36.382,-0.011719,0.013184,0.964600,2.198473,-0.091603,0.366412,0.003987,-0.004322,0.999045,0.750255,0.754991,-0.206397,43.495,4.778,4.943,-23.5780,-21.0092,33.4862,46.0286,-29.8932,-21.6772,38.4203,53.2881,144.052,137.045,0.568,1.290,142.547,26.580,100440.58,-140.109,1980,3595,4933,1615,2953
36.509,-0.009521,0.011719,0.956543,2.167939,-0.091603,0.381679,0.006128,-0.005676,0.991048,0.719028,0.754097,-0.190728,43.483,4.765,4.931,-23.6697,-21.1009,33.4862,46.1176,-30.0025,-21.7837,38.4171,53.3905,144.018,137.059,0.554,1.185,142.533,26.580,100440.58,-140.109,1991,3585,4901,1594,2910
36.642,-0.015137,0.010010,0.975830,2.213740,-0.106870,0.366412,0.000499,-0.007643,1.010145,0.764483,0.738383,-0.205795,43.477,4.761,4.928,-23.5780,-21.1009,33.6697,46.2041,-29.8881,-21.7821,38.6419,53.4880,143.916,136.901,0.533,1.129,142.515,26.580,100440.58,-140.109,1983,3584,4909,1601,2926
36.775,-0.015869,0.010254,0.973389,2.305344,-0.106870,0.412214,-0.000231,-0.007325,1.007734,0.855914,0.738159,-0.159894,43.474,4.769,4.926,-23.4862,-21.2844,33.6697,46.2415,-29.7806,-21.9933,38.6438,53.5157,143.554,136.542,0.514,1.074,142.484,26.580,100440.73,-140.125,1806,3410,4749,1604,2943
36.897,-0.018799,0.012207,0.969238,2.259542,0.015267,0.320611,-0.003113,-0.005199,1.003659,0.811324,0.861861,-0.252198,43.495,4.765,4.934,-23.5780,-21.1009,33.5780,46.1373,-29.8909,-21.7826,38.5309,53.4095,143.918,136.917,0.529,1.082,142.472,26.580,100440.58,-140.109,1953,3572,4882,1619,2929
37.036,-0.004150,0.011475,0.954346,2.106870,-0.076336,0.396947,0.011489,-0.006025,0.988845,0.657960,0.769364,-0.175461,43.483,4.752,4.927,-23.5780,-21.1009,33.6697,46.2041,-29.8881,-21.7821,38.6419,53.4880,143.916,136.908,0.516,0.960,142.467,26.580,100440.02,-140.062,1989,3580,4910,1591,2921
37.162,-0.010254,0.013428,0.967285,2.244275,-0.137405,0.351145,0.005463,-0.004178,1.001698,0.795018,0.707848,-0.221063,43.477,4.750,4.909,-23.5780,-21.1927,33.6697,46.2461,-29.8887,-21.8880,38.6415,53.5311,143.784,136.803,0.535,0.900,142.456,26.580,100440.34,-140.088,1989,3589,4892,1600,2903
37.287,0.000244,0.010742,0.958496,2.259542,-0.061069,0.366412,0.015871,-0.006972,0.992925,0.811498,0.785749,-0.206497,43.498,4.747,4.889,-23.3945,-21.1927,33.6697,46.1528,-29.6712,-21.8869,38.6470,53.4136,143.586,136.587,0.524,0.775,142.436,26.580,100440.18,-140.078,1984,3580,4891,1596,2907
37.412,-0.008789,0.011719,0.958496,2.198473,-0.137405,0.366412,0.006864,-0.005739,0.992977,0.750429,0.709413,-0.206497,43.498,4.737,4.870,-23.6697,-21.1009,33.5780,46.1843,-29.9997,-21.7832,38.5281,53.4687,144.016,137.098,0.543,0.743,142.449,26.580,100440.18,-140.078,1979,3583,4906,1604,2927
37.539,-0.012451,0.015625,0.969727,2.213740,-0.137405,0.381679,0.003332,-0.001970,1.004146,0.764657,0.708071,-0.190628,43.480,4.735,4.857,-23.6697,-21.1927,33.6697,46.2929,-29.9974,-21.8886,38.6387,53.5901,143.882,136.967,0.583,0.734,142.456,26.580,100440.34,-140.088,1992,3587,4906,1595,2914
37.676,-0.018555,0.010498,0.970215,2.198473,-0.122137,0.320611,-0.002916,-0.006936,1.004608,0.749909,0.724009,-0.251998,43.489,4.733,4.861,-23.4862,-21.1009,33.6697,46.1574,-29.7794,-21.7816,38.6447,53.4291,143.817,136.853,0.574,0.773,142.448,26.580,100439.92,-140.056,1987,3592,4922,1605,2935
37.801,-0.023438,0.014404,0.969238,2.106870,-0.106870,0.366412,-0.007690,-0.002869,1.003703,0.658826,0.739947,-0.206497,43.498,4.716,4.863,-23.5780,-21.1927,33.6697,46.2461,-29.8887,-21.8880,38.6415,53.5311,143.784,136.860,0.582,0.838,142.444,26.580,100440.25,-140.083,1786,3391,4708,1605,2922
37.927,-0.019287,0.016602,0.971191,2.137405,-0.106870,0.366412,-0.003474,-0.000831,1.005637,0.689014,0.739500,-0.206297,43.492,4.706,4.861,-23.5780,-21.1009,33.5780,46.1373,-29.8909,-21.7826,38.5309,53.4095,143.918,137.011,0.612,0.869,142.446,26.580,100440.84,-140.130,1966,3587,4897,1621,2931
38.058,-0.012207,0.010742,0.967041,2.229008,-0.152672,0.351145,0.003434,-0.006803,1.001440,0.781483,0.694817,-0.222065,43.506,4.704,4.849,-23.5780,-21.1009,33.7615,46.2710,-29.8853,-21.7817,38.7530,53.5665,143.914,136.975,0.604,0.837,142.441,26.580,100440.68,-140.120,1999,3626,4969,1627,2970
38.182,-0.006592,0.012207,0.965820,2.274809,-0.106870,0.305344,0.009089,-0.005471,1.000220,0.826072,0.739053,-0.267165,43.486,4.704,4.831,-23.5780,-21.1009,33.6697,46.2041,-29.8881,-21.7821,38.6419,53.4880,143.916,137.012,0.614,0.778,142.434,26.580,100440.84,-140.130,1976,3587,4927,1611,2951
38.307,-0.005859,0.015137,0.961426,2.290076,-0.137405,0.381679,0.009896,-0.002466,0.995896,0.841685,0.708965,-0.191030,43.492,4.711,4.810,-23.7615,-21.1009,33.5780,46.2313,-30.1084,-21.7838,38.5253,53.5280,144.114,137.275,0.659,0.724,142.451,26.580,100440.52,-140.104,1980,3633,4955,1653,2975
38.432,0.004150,0.015625,0.957520,2.229008,-0.137405,0.458015,0.019913,-0.002177,0.991988,0.780444,0.708742,-0.114593,43.489,4.710,4.778,-23.6697,-21.1927,33.6697,46.2929,-29.9974,-21.8886,38.6387,53.5901,143.882,137.043,0.680,0.595,142.463,26.580,100440.18,-140.078,1976,3629,4958,1653,2982
38.559,-0.000732,0.010010,0.964111,2.198473,-0.076336,0.381679,0.014883,-0.007798,0.998480,0.750082,0.770034,-0.191030,43.492,4.699,4.761,-23.4862,-21.1009,33.5780,46.0905,-29.7822,-21.7820,38.5337,53.3506,143.819,136.973,0.653,0.525,142.464,26.580,100440.08,-140.067,1979,3620,4946,1641,2967
38.696,-0.009033,0.010010,0.963867,2.274809,-0.106870,0.305344,0.006581,-0.007557,0.998277,0.826418,0.739500,-0.267365,43.492,4.708,4.758,-23.5780,-21.1009,33.6697,46.2041,-29.8881,-21.7821,38.6419,53.4880,143.916,137.063,0.649,0.527,142.465,26.580,100439.57,-140.025,1989,3588,4908,1599,2919
38.821,-0.017578,0.008057,0.975586,2.229008,-0.061069,0.335878,-0.001998,-0.009522,1.009895,0.780790,0.785525,-0.236931,43.495,4.699,4.761,-23.6697,-21.2844,33.6697,46.3350,-29.9980,-21.9945,38.6382,53.6335,143.751,136.943,0.618,0.590,142.461,26.580,100439.50,-140.019,1822,3392,4711,1570,2889
38.958,-0.021973,0.014893,0.975098,2.183206,-0.106870,0.366412,-0.006201,-0.002549,1.009499,0.734815,0.739500,-0.206297,43.492,4.701,4.772,-23.5780,-21.1009,33.6697,46.2041,-29.8881,-21.7821,38.6419,53.4880,143.916,137.057,0.645,0.683,142.470,26.590,100439.59,-140.025,1981,3581,4937,1600,2956
39.082,-0.018799,0.013184,0.973389,2.290076,-0.106870,0.366412,-0.003078,-0.004311,1.007776,0.841859,0.739724,-0.206397,43.495,4.704,4.770,-23.6697,-21.2844,33.6697,46.3350,-29.9980,-21.9945,38.6382,53.6335,143.751,136.934,0.655,0.724,142.463,26.590,100439.42,-140.014,1982,3593,4904,1611,2922
39.207,-0.014404,0.010010,0.969971,2.167939,-0.045802,0.381679,0.001221,-0.007537,1.004343,0.720241,0.801463,-0.191431,43.504,4.690,4.771,-23.6697,-21.0092,33.5780,46.1424,-29.9991,-21.6773,38.5286,53.4257,144.148,137.323,0.643,0.751,142.481,26.590,100440.02,-140.062,1978,3574,4897,1596,2919
39.332,-0.012939,0.016357,0.968750,2.244275,-0.091603,0.366412,0.002863,-0.001202,1.003189,0.795884,0.754767,-0.206297,43.492,4.692,4.765,-23.7615,-21.2844,33.6697,46.3819,-30.1067,-21.9950,38.6354,53.6926,143.849,137.060,0.672,0.746,142.477,26.590,100440.12,-140.072,1981,3587,4912,1606,2931
39.459,-0.008057,0.014648,0.968750,2.244275,-0.106870,0.381679,0.007698,-0.003050,1.003150,0.795364,0.738829,-0.190728,43.483,4.693,4.753,-23.5780,-21.1927,33.6697,46.2461,-29.8887,-21.8880,38.6415,53.5311,143.784,136.957,0.679,0.700,142.470,26.590,100440.12,-140.072,1986,3585,4901,1599,2915
39.592,-0.000977,0.012207,0.964600,2.152672,-0.015267,0.396947,0.014702,-0.005604,0.998985,0.703415,0.829986,-0.175261,43.477,4.685,4.749,-23.6697,-20.9174,33.6697,46.1676,-29.9957,-21.5710,38.6401,53.4612,144.279,137.441,0.682,0.638,142.497,26.590,100440.12,-140.072,1984,3582,4907,1598,2923
39.740,-0.019775,0.012939,0.967773,2.229008,-0.015267,0.335878,-0.004072,-0.004407,1.002221,0.781310,0.831997,-0.237232,43.504,4.699,4.780,-23.6697,-21.1009,33.6697,46.2510,-29.9969,-21.7827,38.6391,53.5470,144.014,137.168,0.691,0.726,142.502,26.600,100440.55,-140.109,1828,3432,4782,1604,2954
